rules,support,confidence,lift,count,,,,,
"{AppointmentDay=23,SMS_received=0} => {ScheduledDay=23}",5.18%,79.73%,15.402119353,5718,,,,,
"{AppointmentDay=23,Handcap=0,SMS_received=0} => {ScheduledDay=23}",5.06%,79.68%,15.3931652189,5584,,,,,
{ScheduledDay=23} => {AppointmentDay=23},5.18%,100.00%,8.1349142058,5718,,,,,
"{ScheduledDay=23,SMS_received=0} => {AppointmentDay=23}",5.18%,100.00%,8.1349142058,5718,,,8.01%,90.29%,2.4540465086
"{ScheduledDay=23,Handcap=0} => {AppointmentDay=23}",5.06%,100.00%,8.1349142058,5584,,,,,
"{ScheduledDay=23,Handcap=0,SMS_received=0} => {AppointmentDay=23}",5.06%,100.00%,8.1349142058,5584,,,,,
"{Gender=1,AppointmentDay=22,Handcap=0,SMS_received=0} => {ScheduledDay=22}",5.69%,85.80%,6.6141295028,6288,,,,,
"{Gender=1,AppointmentDay=22,SMS_received=0} => {ScheduledDay=22}",5.80%,85.75%,6.6107649408,6410,,,,,
"{Gender=1,AppointmentDay=22,Diabetes=0,Handcap=0,SMS_received=0} => {ScheduledDay=22}",5.21%,85.74%,6.6101150843,5756,,,,,
"{Gender=1,AppointmentDay=22,Alcoholism=0,Handcap=0,SMS_received=0} => {ScheduledDay=22}",5.57%,85.73%,6.6093525862,6154,,,,,
"{Gender=1,AppointmentDay=22,Diabetes=0,SMS_received=0} => {ScheduledDay=22}",5.31%,85.71%,6.6076572542,5861,,,,,
"{Gender=1,AppointmentDay=22,Alcoholism=0,SMS_received=0} => {ScheduledDay=22}",5.68%,85.71%,6.6073668951,6273,,,,,
"{Gender=1,AppointmentDay=22,Diabetes=0,Alcoholism=0,Handcap=0,SMS_received=0} => {ScheduledDay=22}",5.10%,85.68%,6.6051367021,5630,,,,,
"{Gender=1,AppointmentDay=22,Diabetes=0,Alcoholism=0,SMS_received=0} => {ScheduledDay=22}",5.19%,85.67%,6.6041972274,5732,,,,,
"{Gender=1,AppointmentDay=22,Scholarship=0,SMS_received=0} => {ScheduledDay=22}",5.03%,85.39%,6.583096563,5554,,,,,
"{AppointmentDay=22,Hipertension=0,SMS_received=0} => {ScheduledDay=22}",7.39%,85.00%,6.5525121977,8158,,,,,
"{AppointmentDay=22,Hipertension=0,Alcoholism=0,SMS_received=0} => {ScheduledDay=22}",7.15%,84.98%,6.5510952824,7903,,,,,
"{AppointmentDay=22,Hipertension=0,Diabetes=0,Alcoholism=0,SMS_received=0} => {ScheduledDay=22}",7.03%,84.97%,6.5506860301,7764,,,,,
"{AppointmentDay=22,Hipertension=0,Diabetes=0,SMS_received=0} => {ScheduledDay=22}",7.25%,84.97%,6.550421028,8005,,,,,
"{AppointmentDay=22,Hipertension=0,Handcap=0,SMS_received=0} => {ScheduledDay=22}",7.26%,84.94%,6.5484240264,8017,,,,,
"{AppointmentDay=22,Hipertension=0,Diabetes=0,Handcap=0,SMS_received=0} => {ScheduledDay=22}",7.12%,84.92%,6.546595181,7867,,,,,
"{AppointmentDay=22,Hipertension=0,Alcoholism=0,Handcap=0,SMS_received=0} => {ScheduledDay=22}",7.03%,84.87%,6.5430640983,7766,,,,,
"{AppointmentDay=22,Hipertension=0,Diabetes=0,Alcoholism=0,Handcap=0,SMS_received=0} => {ScheduledDay=22}",6.91%,84.87%,6.5428916567,7630,,,,,
"{AppointmentDay=22,SMS_received=0} => {ScheduledDay=22}",9.27%,84.78%,6.5361606782,10242,,,,,
"{AppointmentDay=22,Handcap=0,SMS_received=0} => {ScheduledDay=22}",9.06%,84.75%,6.5337952323,10012,,,,,
"{AppointmentDay=22,Diabetes=0,SMS_received=0} => {ScheduledDay=22}",8.54%,84.70%,6.5299733759,9431,,,,,
"{AppointmentDay=22,Scholarship=0,Hipertension=0,SMS_received=0} => {ScheduledDay=22}",6.59%,84.70%,6.5295199437,7279,,,,,
"{AppointmentDay=22,Scholarship=0,Hipertension=0,Diabetes=0,SMS_received=0} => {ScheduledDay=22}",6.47%,84.68%,6.5281651375,7142,,,,,
"{AppointmentDay=22,Diabetes=0,Handcap=0,SMS_received=0} => {ScheduledDay=22}",8.36%,84.67%,6.5271267802,9233,,,,,
"{AppointmentDay=22,Alcoholism=0,SMS_received=0} => {ScheduledDay=22}",8.92%,84.66%,6.5268749503,9849,,,,,
"{AppointmentDay=22,Scholarship=0,Hipertension=0,Handcap=0,SMS_received=0} => {ScheduledDay=22}",6.47%,84.65%,6.5254194081,7150,,,,,
"{AppointmentDay=22,Scholarship=0,Hipertension=0,Diabetes=0,Alcoholism=0,SMS_received=0} => {ScheduledDay=22}",6.28%,84.65%,6.5254188511,6935,,,,,
"{AppointmentDay=22,Scholarship=0,Hipertension=0,Alcoholism=0,SMS_received=0} => {ScheduledDay=22}",6.39%,84.64%,6.525306394,7061,,,,,
"{AppointmentDay=22,Scholarship=0,Hipertension=0,Diabetes=0,Handcap=0,SMS_received=0} => {ScheduledDay=22}",6.35%,84.63%,6.5243902868,7016,,,,,
"{AppointmentDay=22,Diabetes=0,Alcoholism=0,SMS_received=0} => {ScheduledDay=22}",8.21%,84.61%,6.5227708449,9072,,,,,
"{AppointmentDay=22,Alcoholism=0,Handcap=0,SMS_received=0} => {ScheduledDay=22}",8.71%,84.59%,6.5214871459,9626,,,,,
"{AppointmentDay=22,Scholarship=0,Hipertension=0,Diabetes=0,Alcoholism=0,Handcap=0,SMS_received=0} => {ScheduledDay=22}",6.17%,84.54%,6.5172160121,6813,,,,,
"{AppointmentDay=22,Scholarship=0,Hipertension=0,Alcoholism=0,Handcap=0,SMS_received=0} => {ScheduledDay=22}",6.28%,84.53%,6.5168148408,6936,,,,,
"{AppointmentDay=22,Diabetes=0,Alcoholism=0,Handcap=0,SMS_received=0} => {ScheduledDay=22}",8.04%,84.53%,6.5167244259,8881,,,,,
"{AppointmentDay=22,Scholarship=0,SMS_received=0} => {ScheduledDay=22}",8.29%,84.42%,6.50785669,9161,,,,,
"{AppointmentDay=22,Scholarship=0,Handcap=0,SMS_received=0} => {ScheduledDay=22}",8.10%,84.39%,6.5058208007,8948,,,,,
"{AppointmentDay=22,Scholarship=0,Diabetes=0,SMS_received=0} => {ScheduledDay=22}",7.62%,84.34%,6.5021806418,8415,,,,,
"{AppointmentDay=22,Scholarship=0,Diabetes=0,Handcap=0,SMS_received=0} => {ScheduledDay=22}",7.45%,84.31%,6.4995377974,8232,,,,,
"{AppointmentDay=22,Scholarship=0,Alcoholism=0,SMS_received=0} => {ScheduledDay=22}",8.00%,84.29%,6.498045162,8837,,,,,
"{AppointmentDay=22,Scholarship=0,Diabetes=0,Alcoholism=0,SMS_received=0} => {ScheduledDay=22}",7.35%,84.24%,6.4943749567,8121,,,,,
"{AppointmentDay=22,Scholarship=0,Alcoholism=0,Handcap=0,SMS_received=0} => {ScheduledDay=22}",7.81%,84.22%,6.4927231145,8631,,,,,
"{AppointmentDay=22,Scholarship=0,Diabetes=0,Alcoholism=0,Handcap=0,SMS_received=0} => {ScheduledDay=22}",7.19%,84.16%,6.4882382652,7945,,,,,
"{AppointmentDay=18,Hipertension=0,Diabetes=0,Handcap=0,SMS_received=0} => {ScheduledDay=18}",7.07%,84.99%,4.8066550628,7814,,,,,
"{AppointmentDay=18,Hipertension=0,Handcap=0,SMS_received=0} => {ScheduledDay=18}",7.20%,84.98%,4.8061817213,7956,,,,,
"{AppointmentDay=18,Scholarship=0,Hipertension=0,Diabetes=0,Handcap=0,SMS_received=0} => {ScheduledDay=18}",6.36%,84.97%,4.8056690626,7023,,,,,
"{AppointmentDay=18,Hipertension=0,Diabetes=0,SMS_received=0} => {ScheduledDay=18}",7.20%,84.97%,4.805577626,7955,,,,,
"{AppointmentDay=18,Hipertension=0,SMS_received=0} => {ScheduledDay=18}",7.33%,84.97%,4.8055775627,8102,,,,,
"{AppointmentDay=18,Scholarship=0,Hipertension=0,Handcap=0,SMS_received=0} => {ScheduledDay=18}",6.47%,84.96%,4.8049916149,7152,,,,,
"{AppointmentDay=18,Scholarship=0,Hipertension=0,Diabetes=0,SMS_received=0} => {ScheduledDay=18}",6.47%,84.94%,4.8037126292,7145,,,,,
"{AppointmentDay=18,Scholarship=0,Hipertension=0,SMS_received=0} => {ScheduledDay=18}",6.59%,84.94%,4.803579107,7279,,,,,
"{AppointmentDay=18,Hipertension=0,Diabetes=0,Alcoholism=0,Handcap=0,SMS_received=0} => {ScheduledDay=18}",6.89%,84.93%,4.8032312441,7608,,,,,
"{AppointmentDay=18,Hipertension=0,Diabetes=0,Alcoholism=0,SMS_received=0} => {ScheduledDay=18}",7.01%,84.91%,4.8019083583,7746,,,,,
"{AppointmentDay=18,Hipertension=0,Alcoholism=0,Handcap=0,SMS_received=0} => {ScheduledDay=18}",7.01%,84.90%,4.8017796133,7739,,,,,
"{AppointmentDay=18,Scholarship=0,Hipertension=0,Diabetes=0,Alcoholism=0,Handcap=0,SMS_received=0} => {ScheduledDay=18}",6.20%,84.90%,4.8017011796,6844,,,,,
"{AppointmentDay=18,Hipertension=0,Alcoholism=0,SMS_received=0} => {ScheduledDay=18}",7.14%,84.89%,4.8009653573,7882,,,,,
"{AppointmentDay=18,Scholarship=0,Hipertension=0,Alcoholism=0,Handcap=0,SMS_received=0} => {ScheduledDay=18}",6.31%,84.88%,4.800247807,6965,,,,,
"{AppointmentDay=18,Scholarship=0,Hipertension=0,Diabetes=0,Alcoholism=0,SMS_received=0} => {ScheduledDay=18}",6.30%,84.86%,4.799454287,6963,,,,,
"{AppointmentDay=18,Scholarship=0,Hipertension=0,Alcoholism=0,SMS_received=0} => {ScheduledDay=18}",6.42%,84.85%,4.798578147,7089,,,,,
"{Gender=1,AppointmentDay=18,SMS_received=0} => {ScheduledDay=18}",5.80%,84.61%,4.7851692619,6405,,,,,
"{Gender=1,AppointmentDay=18,Handcap=0,SMS_received=0} => {ScheduledDay=18}",5.67%,84.60%,4.7845162316,6262,,,,,
"{Gender=1,AppointmentDay=18,Alcoholism=0,SMS_received=0} => {ScheduledDay=18}",5.70%,84.58%,4.7833526993,6296,,,,,
"{Gender=1,AppointmentDay=18,Alcoholism=0,Handcap=0,SMS_received=0} => {ScheduledDay=18}",5.57%,84.57%,4.7826464165,6153,,,,,
"{AppointmentDay=18,SMS_received=0} => {ScheduledDay=18}",9.24%,84.48%,4.7775362889,10208,,,,,
"{AppointmentDay=18,Handcap=0,SMS_received=0} => {ScheduledDay=18}",9.00%,84.47%,4.7771444185,9947,,,,,
"{Gender=1,AppointmentDay=18,Diabetes=0,SMS_received=0} => {ScheduledDay=18}",5.27%,84.45%,4.7763722142,5824,,,,,
"{Gender=1,AppointmentDay=18,Diabetes=0,Handcap=0,SMS_received=0} => {ScheduledDay=18}",5.17%,84.44%,4.7758076019,5711,,,,,
"{Gender=1,AppointmentDay=18,Scholarship=0,SMS_received=0} => {ScheduledDay=18}",5.04%,84.44%,4.7756937353,5569,,,,,
"{AppointmentDay=18,Diabetes=0,SMS_received=0} => {ScheduledDay=18}",8.52%,84.43%,4.7751124175,9410,,,,,
"{AppointmentDay=18,Diabetes=0,Handcap=0,SMS_received=0} => {ScheduledDay=18}",8.33%,84.43%,4.7750737554,9198,,,,,
"{Gender=1,AppointmentDay=18,Diabetes=0,Alcoholism=0,SMS_received=0} => {ScheduledDay=18}",5.19%,84.42%,4.7744380332,5733,,,,,
"{AppointmentDay=18,Scholarship=0,Handcap=0,SMS_received=0} => {ScheduledDay=18}",8.09%,84.41%,4.7740805576,8942,,,,,
"{Gender=1,AppointmentDay=18,Diabetes=0,Alcoholism=0,Handcap=0,SMS_received=0} => {ScheduledDay=18}",5.09%,84.41%,4.7738258794,5620,,,,,
"{AppointmentDay=18,Scholarship=0,SMS_received=0} => {ScheduledDay=18}",8.31%,84.40%,4.7733732327,9177,,,,,
"{ScheduledDay=22,Hipertension=0,Diabetes=0,SMS_received=0} => {AppointmentDay=22}",7.25%,93.48%,4.7722036733,8005,,,,,
"{AppointmentDay=18,Scholarship=0,Diabetes=0,Handcap=0,SMS_received=0} => {ScheduledDay=18}",7.47%,84.38%,4.772024184,8253,,,,,
"{ScheduledDay=22,Hipertension=0,SMS_received=0} => {AppointmentDay=22}",7.39%,93.48%,4.7720205307,8158,,,,,
"{ScheduledDay=22,Hipertension=0,Diabetes=0,Alcoholism=0,SMS_received=0} => {AppointmentDay=22}",7.03%,93.46%,4.7711700403,7764,,,,,
"{AppointmentDay=18,Scholarship=0,Diabetes=0,SMS_received=0} => {ScheduledDay=18}",7.64%,84.36%,4.7709784123,8441,,,,,
"{AppointmentDay=18,Alcoholism=0,SMS_received=0} => {ScheduledDay=18}",8.91%,84.36%,4.7709067244,9837,,,,,
"{ScheduledDay=22,Hipertension=0,Alcoholism=0,SMS_received=0} => {AppointmentDay=22}",7.15%,93.45%,4.7704486985,7903,,,,,
"{AppointmentDay=18,Alcoholism=0,Handcap=0,SMS_received=0} => {ScheduledDay=18}",8.68%,84.35%,4.7703377095,9587,,,,,
"{ScheduledDay=22,Diabetes=0,SMS_received=0} => {AppointmentDay=22}",8.54%,93.44%,4.7700293367,9431,,,,,
"{AppointmentDay=18,Diabetes=0,Alcoholism=0,SMS_received=0} => {ScheduledDay=18}",8.22%,84.34%,4.7700233001,9082,,,,,
"{ScheduledDay=22,SMS_received=0} => {AppointmentDay=22}",9.27%,93.44%,4.7699977282,10242,,,,,
"{ScheduledDay=22,Hipertension=0,Diabetes=0,Handcap=0,SMS_received=0} => {AppointmentDay=22}",7.12%,93.43%,4.769585486,7867,,,,,
"{AppointmentDay=18,Diabetes=0,Alcoholism=0,Handcap=0,SMS_received=0} => {ScheduledDay=18}",8.04%,84.33%,4.7694603071,8876,,,,,
"{ScheduledDay=22,Hipertension=0,Handcap=0,SMS_received=0} => {AppointmentDay=22}",7.26%,93.43%,4.769332052,8017,,,,,
"{ScheduledDay=22,Hipertension=0,Diabetes=0,Alcoholism=0,Handcap=0,SMS_received=0} => {AppointmentDay=22}",6.91%,93.41%,4.7686163921,7630,,,,,
"{ScheduledDay=22,Handcap=0,SMS_received=0} => {AppointmentDay=22}",9.06%,93.41%,4.7685974991,10012,,,,,
"{ScheduledDay=22,Diabetes=0,Handcap=0,SMS_received=0} => {AppointmentDay=22}",8.36%,93.40%,4.7681481452,9233,,,,,
"{ScheduledDay=22,Hipertension=0,Alcoholism=0,Handcap=0,SMS_received=0} => {AppointmentDay=22}",7.03%,93.40%,4.7678074851,7766,,,,,
"{ScheduledDay=22,Diabetes=0,Alcoholism=0,SMS_received=0} => {AppointmentDay=22}",8.21%,93.39%,4.7674760596,9072,,,,,
"{Gender=1,ScheduledDay=22,SMS_received=0} => {AppointmentDay=22}",5.80%,93.39%,4.7672105457,6410,,,,,
"{ScheduledDay=22,Alcoholism=0,SMS_received=0} => {AppointmentDay=22}",8.92%,93.38%,4.7670177595,9849,,,,,
"{AppointmentDay=18,Scholarship=0,Alcoholism=0,Handcap=0,SMS_received=0} => {ScheduledDay=18}",7.82%,84.28%,4.7665675969,8638,,,,,
"{Gender=1,ScheduledDay=22,Handcap=0,SMS_received=0} => {AppointmentDay=22}",5.69%,93.36%,4.7660490921,6288,,,,,
"{AppointmentDay=18,Scholarship=0,Alcoholism=0,SMS_received=0} => {ScheduledDay=18}",8.02%,84.27%,4.7660129495,8862,,,,,
"{ScheduledDay=22,Alcoholism=0,Handcap=0,SMS_received=0} => {AppointmentDay=22}",8.71%,93.36%,4.7657213854,9626,,,,,
"{ScheduledDay=22,Diabetes=0,Alcoholism=0,Handcap=0,SMS_received=0} => {AppointmentDay=22}",8.04%,93.36%,4.765713735,8881,,,,,
"{AppointmentDay=18,Scholarship=0,Diabetes=0,Alcoholism=0,Handcap=0,SMS_received=0} => {ScheduledDay=18}",7.22%,84.27%,4.7657028749,7980,,,,,
"{AppointmentDay=18,Scholarship=0,Diabetes=0,Alcoholism=0,SMS_received=0} => {ScheduledDay=18}",7.39%,84.26%,4.765202275,8162,,,,,
"{Gender=1,ScheduledDay=22,Diabetes=0,SMS_received=0} => {AppointmentDay=22}",5.31%,93.33%,4.7642622147,5861,,,,,
"{ScheduledDay=22,Scholarship=0,Hipertension=0,Diabetes=0,SMS_received=0} => {AppointmentDay=22}",6.47%,93.32%,4.7639995411,7142,,,,,
"{Gender=1,ScheduledDay=22,Diabetes=0,Handcap=0,SMS_received=0} => {AppointmentDay=22}",5.21%,93.32%,4.7638710646,5756,,,,,
"{ScheduledDay=22,Scholarship=0,Hipertension=0,Diabetes=0,Alcoholism=0,SMS_received=0} => {AppointmentDay=22}",6.28%,93.31%,4.7634799644,6935,,,,,
"{ScheduledDay=22,Scholarship=0,Hipertension=0,SMS_received=0} => {AppointmentDay=22}",6.59%,93.31%,4.7632680289,7279,,,,,
"{Gender=1,ScheduledDay=22,Alcoholism=0,SMS_received=0} => {AppointmentDay=22}",5.68%,93.31%,4.7631664109,6273,,,,,
"{ScheduledDay=22,Scholarship=0,Hipertension=0,Alcoholism=0,SMS_received=0} => {AppointmentDay=22}",6.39%,93.29%,4.7622400679,7061,,,,,
"{Gender=1,ScheduledDay=22,Alcoholism=0,Handcap=0,SMS_received=0} => {AppointmentDay=22}",5.57%,93.28%,4.7620569654,6154,,,,,
"{ScheduledDay=22,Scholarship=0,Diabetes=0,SMS_received=0} => {AppointmentDay=22}",7.62%,93.25%,4.7603470094,8415,,,,,
"{Gender=1,ScheduledDay=22,Diabetes=0,Alcoholism=0,SMS_received=0} => {AppointmentDay=22}",5.19%,93.25%,4.7602147648,5732,,,,,
"{ScheduledDay=22,Scholarship=0,Hipertension=0,Diabetes=0,Handcap=0,SMS_received=0} => {AppointmentDay=22}",6.35%,93.25%,4.7601909237,7016,,,,,
"{Gender=1,ScheduledDay=22,Diabetes=0,Alcoholism=0,Handcap=0,SMS_received=0} => {AppointmentDay=22}",5.10%,93.24%,4.7599113528,5630,,,,,
"{ScheduledDay=22,Scholarship=0,Hipertension=0,Diabetes=0,Alcoholism=0,Handcap=0,SMS_received=0} => {AppointmentDay=22}",6.17%,93.24%,4.7597359443,6813,,,,,
"{ScheduledDay=22,Scholarship=0,Hipertension=0,Handcap=0,SMS_received=0} => {AppointmentDay=22}",6.47%,93.23%,4.7593854928,7150,,,,,
"{ScheduledDay=22,Scholarship=0,Diabetes=0,Alcoholism=0,SMS_received=0} => {AppointmentDay=22}",7.35%,93.23%,4.759102682,8121,,,,,
"{ScheduledDay=22,Scholarship=0,SMS_received=0} => {AppointmentDay=22}",8.29%,93.22%,4.7588882378,9161,,,,,
"{ScheduledDay=22,Scholarship=0,Hipertension=0,Alcoholism=0,Handcap=0,SMS_received=0} => {AppointmentDay=22}",6.28%,93.21%,4.7584045091,6936,,,,,
"{ScheduledDay=22,Scholarship=0,Alcoholism=0,SMS_received=0} => {AppointmentDay=22}",8.00%,93.19%,4.7571044031,8837,,,,,
"{ScheduledDay=22,Scholarship=0,Diabetes=0,Handcap=0,SMS_received=0} => {AppointmentDay=22}",7.45%,93.17%,4.7564439827,8232,,,,,
"{ScheduledDay=22,Scholarship=0,Handcap=0,SMS_received=0} => {AppointmentDay=22}",8.10%,93.16%,4.7556751878,8948,,,,,
"{ScheduledDay=22,Scholarship=0,Diabetes=0,Alcoholism=0,Handcap=0,SMS_received=0} => {AppointmentDay=22}",7.19%,93.15%,4.7553158209,7945,,,,,
"{ScheduledDay=22,Scholarship=0,Alcoholism=0,Handcap=0,SMS_received=0} => {AppointmentDay=22}",7.81%,93.13%,4.7539944452,8631,,,,,
"{Gender=1,ScheduledDay=22,Scholarship=0,SMS_received=0} => {AppointmentDay=22}",5.03%,93.03%,4.7491416446,5554,,,,,
"{ScheduledDay=20,Hipertension=0,Diabetes=0,Alcoholism=0,SMS_received=0} => {AppointmentDay=20}",7.14%,89.26%,4.5978707818,7888,,,,,
"{ScheduledDay=20,Hipertension=0,Diabetes=0,SMS_received=0} => {AppointmentDay=20}",7.34%,89.23%,4.5963278525,8112,,,,,
"{ScheduledDay=20,Hipertension=0,Diabetes=0,Alcoholism=0,Handcap=0,SMS_received=0} => {AppointmentDay=20}",7.00%,89.18%,4.5938796492,7734,,,,,
"{ScheduledDay=20,Hipertension=0,Diabetes=0,Handcap=0,SMS_received=0} => {AppointmentDay=20}",7.20%,89.17%,4.5932009615,7954,,,,,
"{ScheduledDay=20,Hipertension=0,Alcoholism=0,SMS_received=0} => {AppointmentDay=20}",7.25%,89.14%,4.5918147752,8014,,,,,
"{ScheduledDay=20,Hipertension=0,SMS_received=0} => {AppointmentDay=20}",7.47%,89.13%,4.5911905453,8250,,,,,
"{ScheduledDay=20,Hipertension=0,Handcap=0,SMS_received=0} => {AppointmentDay=20}",7.32%,89.07%,4.5882810139,8088,,,,,
"{ScheduledDay=20,Hipertension=0,Alcoholism=0,Handcap=0,SMS_received=0} => {AppointmentDay=20}",7.11%,89.07%,4.5881081437,7857,,,,,
"{Gender=1,ScheduledDay=20,Diabetes=0,SMS_received=0} => {AppointmentDay=20}",5.27%,89.05%,4.5867561919,5820,,,,,
"{Gender=1,ScheduledDay=20,Diabetes=0,Handcap=0,SMS_received=0} => {AppointmentDay=20}",5.16%,89.04%,4.5866615901,5697,,,,,
"{ScheduledDay=20,Scholarship=0,Hipertension=0,Diabetes=0,Alcoholism=0,SMS_received=0} => {AppointmentDay=20}",6.45%,89.03%,4.58599369,7126,,,,,
"{ScheduledDay=20,Scholarship=0,Hipertension=0,Diabetes=0,SMS_received=0} => {AppointmentDay=20}",6.62%,89.01%,4.5850376721,7315,,,,,
"{ScheduledDay=20,Diabetes=0,SMS_received=0} => {AppointmentDay=20}",8.53%,88.98%,4.5832411077,9420,,,,,
"{ScheduledDay=20,Diabetes=0,Handcap=0,SMS_received=0} => {AppointmentDay=20}",8.33%,88.98%,4.5831830951,9201,,,,,
"{ScheduledDay=20,Scholarship=0,Hipertension=0,Diabetes=0,Alcoholism=0,Handcap=0,SMS_received=0} => {AppointmentDay=20}",6.33%,88.97%,4.5826336248,6990,,,,,
"{ScheduledDay=20,Scholarship=0,Hipertension=0,Diabetes=0,Handcap=0,SMS_received=0} => {AppointmentDay=20}",6.50%,88.96%,4.5826031413,7175,,,,,
"{Gender=1,ScheduledDay=20,Diabetes=0,Alcoholism=0,SMS_received=0} => {AppointmentDay=20}",5.16%,88.96%,4.5822704486,5704,,,,,
"{ScheduledDay=20,Diabetes=0,Alcoholism=0,SMS_received=0} => {AppointmentDay=20}",8.23%,88.94%,4.581386276,9096,,,,,
"{Gender=1,ScheduledDay=20,Diabetes=0,Alcoholism=0,Handcap=0,SMS_received=0} => {AppointmentDay=20}",5.06%,88.93%,4.5808876591,5584,,,,,
"{ScheduledDay=20,Diabetes=0,Alcoholism=0,Handcap=0,SMS_received=0} => {AppointmentDay=20}",8.04%,88.92%,4.5801325965,8881,,,,,
"{ScheduledDay=20,Scholarship=0,Hipertension=0,Alcoholism=0,SMS_received=0} => {AppointmentDay=20}",6.55%,88.90%,4.5792622513,7240,,,,,
"{ScheduledDay=20,Scholarship=0,Hipertension=0,SMS_received=0} => {AppointmentDay=20}",6.73%,88.89%,4.5789053197,7435,,,,,
"{ScheduledDay=20,Scholarship=0,Hipertension=0,Handcap=0,SMS_received=0} => {AppointmentDay=20}",6.60%,88.85%,4.5766773932,7291,,,,,
"{ScheduledDay=20,Scholarship=0,Hipertension=0,Alcoholism=0,Handcap=0,SMS_received=0} => {AppointmentDay=20}",6.43%,88.84%,4.5761938642,7101,,,,,
"{Gender=1,ScheduledDay=20,SMS_received=0} => {AppointmentDay=20}",5.76%,88.81%,4.57486367,6360,,,,,
"{Gender=1,ScheduledDay=20,Handcap=0,SMS_received=0} => {AppointmentDay=20}",5.62%,88.80%,4.5743573153,6203,,,,,
"{ScheduledDay=20,Scholarship=0,Diabetes=0,Handcap=0,SMS_received=0} => {AppointmentDay=20}",7.51%,88.77%,4.5725787769,8300,,,,,
"{ScheduledDay=20,Scholarship=0,Diabetes=0,SMS_received=0} => {AppointmentDay=20}",7.70%,88.76%,4.5718281593,8501,,,,,
"{Gender=1,ScheduledDay=20,Alcoholism=0,SMS_received=0} => {AppointmentDay=20}",5.64%,88.73%,4.5707112749,6230,,,,,
"{ScheduledDay=20,SMS_received=0} => {AppointmentDay=20}",9.22%,88.73%,4.5705693893,10181,,,,,
"{ScheduledDay=20,Handcap=0,SMS_received=0} => {AppointmentDay=20}",8.98%,88.72%,4.5698924779,9916,,,,,
"{ScheduledDay=20,Scholarship=0,Diabetes=0,Alcoholism=0,SMS_received=0} => {AppointmentDay=20}",7.45%,88.72%,4.5698179774,8232,,,,,
"{ScheduledDay=20,Alcoholism=0,SMS_received=0} => {AppointmentDay=20}",8.89%,88.71%,4.5692886291,9818,,,,,
"{ScheduledDay=20,Scholarship=0,Diabetes=0,Alcoholism=0,Handcap=0,SMS_received=0} => {AppointmentDay=20}",7.27%,88.71%,4.5692853408,8035,,,,,
"{Gender=1,ScheduledDay=20,Alcoholism=0,Handcap=0,SMS_received=0} => {AppointmentDay=20}",5.50%,88.70%,4.5690078949,6076,,,,,
"{ScheduledDay=20,Alcoholism=0,Handcap=0,SMS_received=0} => {AppointmentDay=20}",8.65%,88.67%,4.5676036943,9559,,,,,
"{ScheduledDay=20,Scholarship=0,SMS_received=0} => {AppointmentDay=20}",8.33%,88.51%,4.5592773131,9207,,,,,
"{ScheduledDay=20,Scholarship=0,Handcap=0,SMS_received=0} => {AppointmentDay=20}",8.11%,88.50%,4.5588590002,8961,,,,,
"{ScheduledDay=20,Scholarship=0,Alcoholism=0,SMS_received=0} => {AppointmentDay=20}",8.06%,88.49%,4.5582817524,8905,,,,,
"{ScheduledDay=20,Scholarship=0,Alcoholism=0,Handcap=0,SMS_received=0} => {AppointmentDay=20}",7.84%,88.46%,4.5567881844,8665,,,,,
"{Gender=1,ScheduledDay=20,Scholarship=0,SMS_received=0} => {AppointmentDay=20}",5.05%,88.39%,4.5531054926,5574,,,,,
"{Scholarship=0,Diabetes=1,Alcoholism=0} => {Hipertension=1}",5.26%,82.20%,4.1745961146,5811,,,,,
"{Scholarship=0,Diabetes=1} => {Hipertension=1}",5.47%,82.10%,4.1695461796,6047,,,,,
"{Diabetes=1,Alcoholism=0} => {Hipertension=1}",5.63%,81.83%,4.1557929965,6221,,,,,
"{Scholarship=0,Diabetes=1,Handcap=0} => {Hipertension=1}",5.16%,81.70%,4.1489211149,5705,,,,,
{Diabetes=1} => {Hipertension=1},5.86%,81.64%,4.1457515492,6477,,,,,
"{Diabetes=1,Alcoholism=0,Handcap=0} => {Hipertension=1}",5.32%,81.42%,4.1348559458,5877,,,,,
"{Diabetes=1,Handcap=0} => {Hipertension=1}",5.54%,81.21%,4.1241276884,6120,,,,,
{ScheduledDay=23} => {SMS_received=0},5.18%,100.00%,1.4723625458,5718,,,,,
{AppointmentDay=20} => {SMS_received=0},19.41%,100.00%,1.4723625458,21445,,,,,
"{ScheduledDay=23,AppointmentDay=23} => {SMS_received=0}",5.18%,100.00%,1.4723625458,5718,,,,,
"{ScheduledDay=23,Handcap=0} => {SMS_received=0}",5.06%,100.00%,1.4723625458,5584,,,,,
"{ScheduledDay=20,AppointmentDay=20} => {SMS_received=0}",9.22%,100.00%,1.4723625458,10181,,,,,
"{Gender=0,AppointmentDay=20} => {SMS_received=0}",6.82%,100.00%,1.4723625458,7530,,,,,
"{Gender=1,AppointmentDay=20} => {SMS_received=0}",12.60%,100.00%,1.4723625458,13915,,,,,
"{AppointmentDay=20,Hipertension=0} => {SMS_received=0}",15.76%,100.00%,1.4723625458,17411,,,,,
"{AppointmentDay=20,Scholarship=0} => {SMS_received=0}",17.57%,100.00%,1.4723625458,19407,,,,,
"{AppointmentDay=20,Diabetes=0} => {SMS_received=0}",18.08%,100.00%,1.4723625458,19969,,,,,
"{AppointmentDay=20,Alcoholism=0} => {SMS_received=0}",18.83%,100.00%,1.4723625458,20800,,,,,
"{AppointmentDay=20,Handcap=0} => {SMS_received=0}",19.02%,100.00%,1.4723625458,21006,,,,,
"{ScheduledDay=23,AppointmentDay=23,Handcap=0} => {SMS_received=0}",5.06%,100.00%,1.4723625458,5584,,,,,
"{Gender=1,ScheduledDay=20,AppointmentDay=20} => {SMS_received=0}",5.76%,100.00%,1.4723625458,6360,,,,,
"{ScheduledDay=20,AppointmentDay=20,Hipertension=0} => {SMS_received=0}",7.47%,100.00%,1.4723625458,8250,,,,,
"{ScheduledDay=20,AppointmentDay=20,Scholarship=0} => {SMS_received=0}",8.33%,100.00%,1.4723625458,9207,,,,,
"{ScheduledDay=20,AppointmentDay=20,Diabetes=0} => {SMS_received=0}",8.53%,100.00%,1.4723625458,9420,,,,,
"{ScheduledDay=20,AppointmentDay=20,Alcoholism=0} => {SMS_received=0}",8.89%,100.00%,1.4723625458,9818,,,,,
"{ScheduledDay=20,AppointmentDay=20,Handcap=0} => {SMS_received=0}",8.98%,100.00%,1.4723625458,9916,,,,,
"{Gender=0,AppointmentDay=20,Hipertension=0} => {SMS_received=0}",5.80%,100.00%,1.4723625458,6409,,,,,
"{Gender=0,AppointmentDay=20,Scholarship=0} => {SMS_received=0}",6.48%,100.00%,1.4723625458,7161,,,,,
"{Gender=0,AppointmentDay=20,Diabetes=0} => {SMS_received=0}",6.45%,100.00%,1.4723625458,7123,,,,,
"{Gender=0,AppointmentDay=20,Alcoholism=0} => {SMS_received=0}",6.45%,100.00%,1.4723625458,7125,,,,,
"{Gender=0,AppointmentDay=20,Handcap=0} => {SMS_received=0}",6.66%,100.00%,1.4723625458,7353,,,,,
"{Gender=1,AppointmentDay=20,Hipertension=0} => {SMS_received=0}",9.96%,100.00%,1.4723625458,11002,,,,,
"{Gender=1,AppointmentDay=20,Scholarship=0} => {SMS_received=0}",11.09%,100.00%,1.4723625458,12246,,,,,
"{Gender=1,AppointmentDay=20,Diabetes=0} => {SMS_received=0}",11.63%,100.00%,1.4723625458,12846,,,,,
"{Gender=1,AppointmentDay=20,Alcoholism=0} => {SMS_received=0}",12.38%,100.00%,1.4723625458,13675,,,,,
"{Gender=1,AppointmentDay=20,Handcap=0} => {SMS_received=0}",12.36%,100.00%,1.4723625458,13653,,,,,
"{AppointmentDay=20,Scholarship=0,Hipertension=0} => {SMS_received=0}",14.22%,100.00%,1.4723625458,15705,,,,,
"{AppointmentDay=20,Hipertension=0,Diabetes=0} => {SMS_received=0}",15.49%,100.00%,1.4723625458,17116,,,,,
"{AppointmentDay=20,Hipertension=0,Alcoholism=0} => {SMS_received=0}",15.41%,100.00%,1.4723625458,17024,,,,,
"{AppointmentDay=20,Hipertension=0,Handcap=0} => {SMS_received=0}",15.52%,100.00%,1.4723625458,17146,,,,,
"{AppointmentDay=20,Scholarship=0,Diabetes=0} => {SMS_received=0}",16.33%,100.00%,1.4723625458,18044,,,,,
"{AppointmentDay=20,Scholarship=0,Alcoholism=0} => {SMS_received=0}",17.07%,100.00%,1.4723625458,18861,,,,,
"{AppointmentDay=20,Scholarship=0,Handcap=0} => {SMS_received=0}",17.20%,100.00%,1.4723625458,18998,,,,,
"{AppointmentDay=20,Diabetes=0,Alcoholism=0} => {SMS_received=0}",17.56%,100.00%,1.4723625458,19395,,,,,
"{AppointmentDay=20,Diabetes=0,Handcap=0} => {SMS_received=0}",17.74%,100.00%,1.4723625458,19598,,,,,
"{AppointmentDay=20,Alcoholism=0,Handcap=0} => {SMS_received=0}",18.44%,100.00%,1.4723625458,20370,,,,,
"{Gender=1,ScheduledDay=20,AppointmentDay=20,Scholarship=0} => {SMS_received=0}",5.05%,100.00%,1.4723625458,5574,,,,,
"{Gender=1,ScheduledDay=20,AppointmentDay=20,Diabetes=0} => {SMS_received=0}",5.27%,100.00%,1.4723625458,5820,,,,,
"{Gender=1,ScheduledDay=20,AppointmentDay=20,Alcoholism=0} => {SMS_received=0}",5.64%,100.00%,1.4723625458,6230,,,,,
"{Gender=1,ScheduledDay=20,AppointmentDay=20,Handcap=0} => {SMS_received=0}",5.62%,100.00%,1.4723625458,6203,,,,,
"{ScheduledDay=20,AppointmentDay=20,Scholarship=0,Hipertension=0} => {SMS_received=0}",6.73%,100.00%,1.4723625458,7435,,,,,
"{ScheduledDay=20,AppointmentDay=20,Hipertension=0,Diabetes=0} => {SMS_received=0}",7.34%,100.00%,1.4723625458,8112,,,,,
"{ScheduledDay=20,AppointmentDay=20,Hipertension=0,Alcoholism=0} => {SMS_received=0}",7.25%,100.00%,1.4723625458,8014,,,,,
"{ScheduledDay=20,AppointmentDay=20,Hipertension=0,Handcap=0} => {SMS_received=0}",7.32%,100.00%,1.4723625458,8088,,,,,
"{ScheduledDay=20,AppointmentDay=20,Scholarship=0,Diabetes=0} => {SMS_received=0}",7.70%,100.00%,1.4723625458,8501,,,,,
"{ScheduledDay=20,AppointmentDay=20,Scholarship=0,Alcoholism=0} => {SMS_received=0}",8.06%,100.00%,1.4723625458,8905,,,,,
"{ScheduledDay=20,AppointmentDay=20,Scholarship=0,Handcap=0} => {SMS_received=0}",8.11%,100.00%,1.4723625458,8961,,,,,
"{ScheduledDay=20,AppointmentDay=20,Diabetes=0,Alcoholism=0} => {SMS_received=0}",8.23%,100.00%,1.4723625458,9096,,,,,
"{ScheduledDay=20,AppointmentDay=20,Diabetes=0,Handcap=0} => {SMS_received=0}",8.33%,100.00%,1.4723625458,9201,,,,,
"{ScheduledDay=20,AppointmentDay=20,Alcoholism=0,Handcap=0} => {SMS_received=0}",8.65%,100.00%,1.4723625458,9559,,,,,
"{Gender=0,AppointmentDay=20,Scholarship=0,Hipertension=0} => {SMS_received=0}",5.49%,100.00%,1.4723625458,6061,,,,,
"{Gender=0,AppointmentDay=20,Hipertension=0,Diabetes=0} => {SMS_received=0}",5.71%,100.00%,1.4723625458,6305,,,,,
"{Gender=0,AppointmentDay=20,Hipertension=0,Alcoholism=0} => {SMS_received=0}",5.59%,100.00%,1.4723625458,6174,,,,,
"{Gender=0,AppointmentDay=20,Hipertension=0,Handcap=0} => {SMS_received=0}",5.69%,100.00%,1.4723625458,6289,,,,,
"{Gender=0,AppointmentDay=20,Scholarship=0,Diabetes=0} => {SMS_received=0}",6.13%,100.00%,1.4723625458,6766,,,,,
"{Gender=0,AppointmentDay=20,Scholarship=0,Alcoholism=0} => {SMS_received=0}",6.13%,100.00%,1.4723625458,6766,,,,,
"{Gender=0,AppointmentDay=20,Scholarship=0,Handcap=0} => {SMS_received=0}",6.33%,100.00%,1.4723625458,6993,,,,,
"{Gender=0,AppointmentDay=20,Diabetes=0,Alcoholism=0} => {SMS_received=0}",6.12%,100.00%,1.4723625458,6761,,,,,
"{Gender=0,AppointmentDay=20,Diabetes=0,Handcap=0} => {SMS_received=0}",6.30%,100.00%,1.4723625458,6962,,,,,
"{Gender=0,AppointmentDay=20,Alcoholism=0,Handcap=0} => {SMS_received=0}",6.29%,100.00%,1.4723625458,6952,,,,,
"{Gender=1,AppointmentDay=20,Scholarship=0,Hipertension=0} => {SMS_received=0}",8.73%,100.00%,1.4723625458,9644,,,,,
"{Gender=1,AppointmentDay=20,Hipertension=0,Diabetes=0} => {SMS_received=0}",9.79%,100.00%,1.4723625458,10811,,,,,
"{Gender=1,AppointmentDay=20,Hipertension=0,Alcoholism=0} => {SMS_received=0}",9.82%,100.00%,1.4723625458,10850,,,,,
"{Gender=1,AppointmentDay=20,Hipertension=0,Handcap=0} => {SMS_received=0}",9.83%,100.00%,1.4723625458,10857,,,,,
"{Gender=1,AppointmentDay=20,Scholarship=0,Diabetes=0} => {SMS_received=0}",10.21%,100.00%,1.4723625458,11278,,,,,
"{Gender=1,AppointmentDay=20,Scholarship=0,Alcoholism=0} => {SMS_received=0}",10.95%,100.00%,1.4723625458,12095,,,,,
"{Gender=1,AppointmentDay=20,Scholarship=0,Handcap=0} => {SMS_received=0}",10.87%,100.00%,1.4723625458,12005,,,,,
"{Gender=1,AppointmentDay=20,Diabetes=0,Alcoholism=0} => {SMS_received=0}",11.44%,100.00%,1.4723625458,12634,,,,,
"{Gender=1,AppointmentDay=20,Diabetes=0,Handcap=0} => {SMS_received=0}",11.44%,100.00%,1.4723625458,12636,,,,,
"{Gender=1,AppointmentDay=20,Alcoholism=0,Handcap=0} => {SMS_received=0}",12.15%,100.00%,1.4723625458,13418,,,,,
"{AppointmentDay=20,Scholarship=0,Hipertension=0,Diabetes=0} => {SMS_received=0}",13.99%,100.00%,1.4723625458,15449,,,,,
"{AppointmentDay=20,Scholarship=0,Hipertension=0,Alcoholism=0} => {SMS_received=0}",13.93%,100.00%,1.4723625458,15384,,,,,
"{AppointmentDay=20,Scholarship=0,Hipertension=0,Handcap=0} => {SMS_received=0}",14.00%,100.00%,1.4723625458,15467,,,,,
"{AppointmentDay=20,Hipertension=0,Diabetes=0,Alcoholism=0} => {SMS_received=0}",15.16%,100.00%,1.4723625458,16748,,,,,
"{AppointmentDay=20,Hipertension=0,Diabetes=0,Handcap=0} => {SMS_received=0}",15.26%,100.00%,1.4723625458,16858,,,,,
"{AppointmentDay=20,Hipertension=0,Alcoholism=0,Handcap=0} => {SMS_received=0}",15.18%,100.00%,1.4723625458,16766,,,,,
"{AppointmentDay=20,Scholarship=0,Diabetes=0,Alcoholism=0} => {SMS_received=0}",15.90%,100.00%,1.4723625458,17561,,,,,
"{AppointmentDay=20,Scholarship=0,Diabetes=0,Handcap=0} => {SMS_received=0}",16.02%,100.00%,1.4723625458,17701,,,,,
"{AppointmentDay=20,Scholarship=0,Alcoholism=0,Handcap=0} => {SMS_received=0}",16.71%,100.00%,1.4723625458,18460,,,,,
"{AppointmentDay=20,Diabetes=0,Alcoholism=0,Handcap=0} => {SMS_received=0}",17.23%,100.00%,1.4723625458,19030,,,,,
"{Gender=1,ScheduledDay=20,AppointmentDay=20,Diabetes=0,Alcoholism=0} => {SMS_received=0}",5.16%,100.00%,1.4723625458,5704,,,,,
"{Gender=1,ScheduledDay=20,AppointmentDay=20,Diabetes=0,Handcap=0} => {SMS_received=0}",5.16%,100.00%,1.4723625458,5697,,,,,
"{Gender=1,ScheduledDay=20,AppointmentDay=20,Alcoholism=0,Handcap=0} => {SMS_received=0}",5.50%,100.00%,1.4723625458,6076,,,,,
"{ScheduledDay=20,AppointmentDay=20,Scholarship=0,Hipertension=0,Diabetes=0} => {SMS_received=0}",6.62%,100.00%,1.4723625458,7315,,,,,
"{ScheduledDay=20,AppointmentDay=20,Scholarship=0,Hipertension=0,Alcoholism=0} => {SMS_received=0}",6.55%,100.00%,1.4723625458,7240,,,,,
"{ScheduledDay=20,AppointmentDay=20,Scholarship=0,Hipertension=0,Handcap=0} => {SMS_received=0}",6.60%,100.00%,1.4723625458,7291,,,,,
"{ScheduledDay=20,AppointmentDay=20,Hipertension=0,Diabetes=0,Alcoholism=0} => {SMS_received=0}",7.14%,100.00%,1.4723625458,7888,,,,,
"{ScheduledDay=20,AppointmentDay=20,Hipertension=0,Diabetes=0,Handcap=0} => {SMS_received=0}",7.20%,100.00%,1.4723625458,7954,,,,,
"{ScheduledDay=20,AppointmentDay=20,Hipertension=0,Alcoholism=0,Handcap=0} => {SMS_received=0}",7.11%,100.00%,1.4723625458,7857,,,,,
"{ScheduledDay=20,AppointmentDay=20,Scholarship=0,Diabetes=0,Alcoholism=0} => {SMS_received=0}",7.45%,100.00%,1.4723625458,8232,,,,,
"{ScheduledDay=20,AppointmentDay=20,Scholarship=0,Diabetes=0,Handcap=0} => {SMS_received=0}",7.51%,100.00%,1.4723625458,8300,,,,,
"{ScheduledDay=20,AppointmentDay=20,Scholarship=0,Alcoholism=0,Handcap=0} => {SMS_received=0}",7.84%,100.00%,1.4723625458,8665,,,,,
"{ScheduledDay=20,AppointmentDay=20,Diabetes=0,Alcoholism=0,Handcap=0} => {SMS_received=0}",8.04%,100.00%,1.4723625458,8881,,,,,
"{Gender=0,AppointmentDay=20,Scholarship=0,Hipertension=0,Diabetes=0} => {SMS_received=0}",5.40%,100.00%,1.4723625458,5961,,,,,
"{Gender=0,AppointmentDay=20,Scholarship=0,Hipertension=0,Alcoholism=0} => {SMS_received=0}",5.28%,100.00%,1.4723625458,5835,,,,,
"{Gender=0,AppointmentDay=20,Scholarship=0,Hipertension=0,Handcap=0} => {SMS_received=0}",5.39%,100.00%,1.4723625458,5949,,,,,
"{Gender=0,AppointmentDay=20,Hipertension=0,Diabetes=0,Alcoholism=0} => {SMS_received=0}",5.51%,100.00%,1.4723625458,6082,,,,,
"{Gender=0,AppointmentDay=20,Hipertension=0,Diabetes=0,Handcap=0} => {SMS_received=0}",5.60%,100.00%,1.4723625458,6186,,,,,
"{Gender=0,AppointmentDay=20,Hipertension=0,Alcoholism=0,Handcap=0} => {SMS_received=0}",5.48%,100.00%,1.4723625458,6057,,,,,
"{Gender=0,AppointmentDay=20,Scholarship=0,Diabetes=0,Alcoholism=0} => {SMS_received=0}",5.81%,100.00%,1.4723625458,6414,,,,,
"{Gender=0,AppointmentDay=20,Scholarship=0,Diabetes=0,Handcap=0} => {SMS_received=0}",5.99%,100.00%,1.4723625458,6614,,,,,
"{Gender=0,AppointmentDay=20,Scholarship=0,Alcoholism=0,Handcap=0} => {SMS_received=0}",5.98%,100.00%,1.4723625458,6602,,,,,
"{Gender=0,AppointmentDay=20,Diabetes=0,Alcoholism=0,Handcap=0} => {SMS_received=0}",5.98%,100.00%,1.4723625458,6602,,,,,
"{Gender=1,AppointmentDay=20,Scholarship=0,Hipertension=0,Diabetes=0} => {SMS_received=0}",8.59%,100.00%,1.4723625458,9488,,,,,
"{Gender=1,AppointmentDay=20,Scholarship=0,Hipertension=0,Alcoholism=0} => {SMS_received=0}",8.64%,100.00%,1.4723625458,9549,,,,,
"{Gender=1,AppointmentDay=20,Scholarship=0,Hipertension=0,Handcap=0} => {SMS_received=0}",8.62%,100.00%,1.4723625458,9518,,,,,
"{Gender=1,AppointmentDay=20,Hipertension=0,Diabetes=0,Alcoholism=0} => {SMS_received=0}",9.66%,100.00%,1.4723625458,10666,,,,,
"{Gender=1,AppointmentDay=20,Hipertension=0,Diabetes=0,Handcap=0} => {SMS_received=0}",9.66%,100.00%,1.4723625458,10672,,,,,
"{Gender=1,AppointmentDay=20,Hipertension=0,Alcoholism=0,Handcap=0} => {SMS_received=0}",9.69%,100.00%,1.4723625458,10709,,,,,
"{Gender=1,AppointmentDay=20,Scholarship=0,Diabetes=0,Alcoholism=0} => {SMS_received=0}",10.09%,100.00%,1.4723625458,11147,,,,,
"{Gender=1,AppointmentDay=20,Scholarship=0,Diabetes=0,Handcap=0} => {SMS_received=0}",10.04%,100.00%,1.4723625458,11087,,,,,
"{Gender=1,AppointmentDay=20,Scholarship=0,Alcoholism=0,Handcap=0} => {SMS_received=0}",10.73%,100.00%,1.4723625458,11858,,,,,
"{Gender=1,AppointmentDay=20,Diabetes=0,Alcoholism=0,Handcap=0} => {SMS_received=0}",11.25%,100.00%,1.4723625458,12428,,,,,
"{AppointmentDay=20,Scholarship=0,Hipertension=0,Diabetes=0,Alcoholism=0} => {SMS_received=0}",13.71%,100.00%,1.4723625458,15141,,,,,
"{AppointmentDay=20,Scholarship=0,Hipertension=0,Diabetes=0,Handcap=0} => {SMS_received=0}",13.78%,100.00%,1.4723625458,15218,,,,,
"{AppointmentDay=20,Scholarship=0,Hipertension=0,Alcoholism=0,Handcap=0} => {SMS_received=0}",13.72%,100.00%,1.4723625458,15152,,,,,
"{AppointmentDay=20,Hipertension=0,Diabetes=0,Alcoholism=0,Handcap=0} => {SMS_received=0}",14.93%,100.00%,1.4723625458,16496,,,,,
"{AppointmentDay=20,Scholarship=0,Diabetes=0,Alcoholism=0,Handcap=0} => {SMS_received=0}",15.59%,100.00%,1.4723625458,17223,,,,,
"{Gender=1,ScheduledDay=20,AppointmentDay=20,Diabetes=0,Alcoholism=0,Handcap=0} => {SMS_received=0}",5.06%,100.00%,1.4723625458,5584,,,,,
"{ScheduledDay=20,AppointmentDay=20,Scholarship=0,Hipertension=0,Diabetes=0,Alcoholism=0} => {SMS_received=0}",6.45%,100.00%,1.4723625458,7126,,,,,
"{ScheduledDay=20,AppointmentDay=20,Scholarship=0,Hipertension=0,Diabetes=0,Handcap=0} => {SMS_received=0}",6.50%,100.00%,1.4723625458,7175,,,,,
"{ScheduledDay=20,AppointmentDay=20,Scholarship=0,Hipertension=0,Alcoholism=0,Handcap=0} => {SMS_received=0}",6.43%,100.00%,1.4723625458,7101,,,,,
"{ScheduledDay=20,AppointmentDay=20,Hipertension=0,Diabetes=0,Alcoholism=0,Handcap=0} => {SMS_received=0}",7.00%,100.00%,1.4723625458,7734,,,,,
"{ScheduledDay=20,AppointmentDay=20,Scholarship=0,Diabetes=0,Alcoholism=0,Handcap=0} => {SMS_received=0}",7.27%,100.00%,1.4723625458,8035,,,,,
"{Gender=0,AppointmentDay=20,Scholarship=0,Hipertension=0,Diabetes=0,Alcoholism=0} => {SMS_received=0}",5.20%,100.00%,1.4723625458,5747,,,,,
"{Gender=0,AppointmentDay=20,Scholarship=0,Hipertension=0,Diabetes=0,Handcap=0} => {SMS_received=0}",5.30%,100.00%,1.4723625458,5850,,,,,
"{Gender=0,AppointmentDay=20,Scholarship=0,Hipertension=0,Alcoholism=0,Handcap=0} => {SMS_received=0}",5.18%,100.00%,1.4723625458,5726,,,,,
"{Gender=0,AppointmentDay=20,Hipertension=0,Diabetes=0,Alcoholism=0,Handcap=0} => {SMS_received=0}",5.40%,100.00%,1.4723625458,5965,,,,,
"{Gender=0,AppointmentDay=20,Scholarship=0,Diabetes=0,Alcoholism=0,Handcap=0} => {SMS_received=0}",5.67%,100.00%,1.4723625458,6264,,,,,
"{Gender=1,AppointmentDay=20,Scholarship=0,Hipertension=0,Diabetes=0,Alcoholism=0} => {SMS_received=0}",8.50%,100.00%,1.4723625458,9394,,,,,
"{Gender=1,AppointmentDay=20,Scholarship=0,Hipertension=0,Diabetes=0,Handcap=0} => {SMS_received=0}",8.48%,100.00%,1.4723625458,9368,,,,,
"{Gender=1,AppointmentDay=20,Scholarship=0,Hipertension=0,Alcoholism=0,Handcap=0} => {SMS_received=0}",8.53%,100.00%,1.4723625458,9426,,,,,
"{Gender=1,AppointmentDay=20,Hipertension=0,Diabetes=0,Alcoholism=0,Handcap=0} => {SMS_received=0}",9.53%,100.00%,1.4723625458,10531,,,,,
"{Gender=1,AppointmentDay=20,Scholarship=0,Diabetes=0,Alcoholism=0,Handcap=0} => {SMS_received=0}",9.92%,100.00%,1.4723625458,10959,,,,,
"{AppointmentDay=20,Scholarship=0,Hipertension=0,Diabetes=0,Alcoholism=0,Handcap=0} => {SMS_received=0}",13.50%,100.00%,1.4723625458,14915,,,,,
"{ScheduledDay=20,AppointmentDay=20,Scholarship=0,Hipertension=0,Diabetes=0,Alcoholism=0,Handcap=0} => {SMS_received=0}",6.33%,100.00%,1.4723625458,6990,,,,,
"{Gender=0,AppointmentDay=20,Scholarship=0,Hipertension=0,Diabetes=0,Alcoholism=0,Handcap=0} => {SMS_received=0}",5.10%,100.00%,1.4723625458,5638,,,,,
"{Gender=1,AppointmentDay=20,Scholarship=0,Hipertension=0,Diabetes=0,Alcoholism=0,Handcap=0} => {SMS_received=0}",8.40%,100.00%,1.4723625458,9277,,,,,
"{ScheduledDay=19,AppointmentDay=19,Scholarship=0,Hipertension=0,Diabetes=0} => {SMS_received=0}",6.76%,99.72%,1.4682333239,7467,,,,,
"{ScheduledDay=19,AppointmentDay=19,Scholarship=0,Hipertension=0,Diabetes=0,Handcap=0} => {SMS_received=0}",6.64%,99.71%,1.468156368,7330,,,,,
"{ScheduledDay=19,AppointmentDay=19,Scholarship=0,Hipertension=0,Diabetes=0,Alcoholism=0} => {SMS_received=0}",6.59%,99.71%,1.4681287223,7282,,,,,
"{ScheduledDay=19,AppointmentDay=19,Scholarship=0,Hipertension=0,Diabetes=0,Alcoholism=0,Handcap=0} => {SMS_received=0}",6.47%,99.71%,1.4680477798,7145,,,,,
"{ScheduledDay=19,AppointmentDay=19,Hipertension=0,Diabetes=0} => {SMS_received=0}",7.53%,99.70%,1.4679511048,8319,,,,,
"{ScheduledDay=19,AppointmentDay=19,Scholarship=0,Hipertension=0} => {SMS_received=0}",6.88%,99.70%,1.4679201559,7600,,,,,
"{ScheduledDay=19,AppointmentDay=19,Hipertension=0,Diabetes=0,Handcap=0} => {SMS_received=0}",7.39%,99.69%,1.4678687034,8166,,,,,
"{ScheduledDay=19,AppointmentDay=19,Scholarship=0,Hipertension=0,Handcap=0} => {SMS_received=0}",6.75%,99.69%,1.4678352278,7457,,,,,
"{ScheduledDay=19,AppointmentDay=19,Hipertension=0,Diabetes=0,Alcoholism=0} => {SMS_received=0}",7.34%,99.69%,1.4678338716,8103,,,,,
"{ScheduledDay=19,AppointmentDay=19,Scholarship=0,Hipertension=0,Alcoholism=0} => {SMS_received=0}",6.71%,99.69%,1.4678059879,7409,,,,,
"{ScheduledDay=19,AppointmentDay=19,Hipertension=0,Diabetes=0,Alcoholism=0,Handcap=0} => {SMS_received=0}",7.20%,99.69%,1.4677469892,7950,,,,,
"{ScheduledDay=19,AppointmentDay=19,Scholarship=0,Hipertension=0,Alcoholism=0,Handcap=0} => {SMS_received=0}",6.58%,99.68%,1.4677165946,7266,,,,,
"{ScheduledDay=19,AppointmentDay=19,Scholarship=0,Diabetes=0,Alcoholism=0} => {SMS_received=0}",7.71%,99.68%,1.467712436,8522,,,,,
"{ScheduledDay=19,AppointmentDay=19,Scholarship=0,Diabetes=0} => {SMS_received=0}",7.97%,99.68%,1.4676963148,8807,,,,,
"{ScheduledDay=19,AppointmentDay=19,Hipertension=0} => {SMS_received=0}",7.66%,99.68%,1.4676795692,8462,,,,,
"{ScheduledDay=19,AppointmentDay=19,Scholarship=0,Diabetes=0,Alcoholism=0,Handcap=0} => {SMS_received=0}",7.53%,99.68%,1.4675993313,8319,,,,,
"{ScheduledDay=19,AppointmentDay=19,Hipertension=0,Handcap=0} => {SMS_received=0}",7.52%,99.68%,1.4675901822,8303,,,,,
"{ScheduledDay=19,AppointmentDay=19,Scholarship=0,Diabetes=0,Handcap=0} => {SMS_received=0}",7.79%,99.68%,1.4675849179,8601,,,,,
"{ScheduledDay=19,AppointmentDay=19,Hipertension=0,Alcoholism=0} => {SMS_received=0}",7.46%,99.67%,1.46755265,8238,,,,,
"{ScheduledDay=19,AppointmentDay=19,Scholarship=0} => {SMS_received=0}",8.69%,99.67%,1.4674679269,9594,,,,,
"{ScheduledDay=19,AppointmentDay=19,Scholarship=0,Alcoholism=0} => {SMS_received=0}",8.40%,99.67%,1.4674594156,9278,,,,,
"{ScheduledDay=19,AppointmentDay=19,Hipertension=0,Alcoholism=0,Handcap=0} => {SMS_received=0}",7.31%,99.67%,1.4674583034,8079,,,,,
"{ScheduledDay=19,AppointmentDay=19,Scholarship=0,Handcap=0} => {SMS_received=0}",8.46%,99.66%,1.4673395606,9348,,,,,
"{ScheduledDay=19,AppointmentDay=19,Scholarship=0,Alcoholism=0,Handcap=0} => {SMS_received=0}",8.18%,99.66%,1.4673291053,9037,,,,,
"{ScheduledDay=19,AppointmentDay=19,Diabetes=0} => {SMS_received=0}",8.88%,99.65%,1.4672751143,9806,,,,,
"{ScheduledDay=19,AppointmentDay=19,Diabetes=0,Alcoholism=0} => {SMS_received=0}",8.57%,99.65%,1.4672485616,9468,,,,,
"{ScheduledDay=19,AppointmentDay=19,Diabetes=0,Handcap=0} => {SMS_received=0}",8.67%,99.65%,1.467156605,9582,,,,,
"{ScheduledDay=19,AppointmentDay=19,Diabetes=0,Alcoholism=0,Handcap=0} => {SMS_received=0}",8.37%,99.64%,1.467127338,9248,,,,,
"{ScheduledDay=19,AppointmentDay=19} => {SMS_received=0}",9.64%,99.64%,1.4671247835,10644,,,,,
"{ScheduledDay=19,AppointmentDay=19,Alcoholism=0} => {SMS_received=0}",9.30%,99.64%,1.4670775813,10271,,,,,
"{ScheduledDay=19,AppointmentDay=19,Handcap=0} => {SMS_received=0}",9.40%,99.64%,1.4669915391,10379,,,,,
"{ScheduledDay=19,AppointmentDay=19,Alcoholism=0,Handcap=0} => {SMS_received=0}",9.06%,99.63%,1.4669413682,10012,,,,,
"{Gender=1,ScheduledDay=19,AppointmentDay=19,Scholarship=0,Alcoholism=0} => {SMS_received=0}",5.22%,99.62%,1.4667700085,5770,,,,,
"{Gender=1,ScheduledDay=19,AppointmentDay=19,Scholarship=0,Alcoholism=0,Handcap=0} => {SMS_received=0}",5.10%,99.61%,1.4666345218,5633,,,,,
"{Gender=1,ScheduledDay=19,AppointmentDay=19,Scholarship=0} => {SMS_received=0}",5.29%,99.61%,1.4665925103,5846,,,,,
"{Gender=1,ScheduledDay=19,AppointmentDay=19,Scholarship=0,Handcap=0} => {SMS_received=0}",5.17%,99.60%,1.4664515075,5706,,,,,
"{Gender=1,ScheduledDay=19,AppointmentDay=19,Alcoholism=0} => {SMS_received=0}",5.94%,99.57%,1.4661019306,6557,,,,,
"{Gender=1,ScheduledDay=19,AppointmentDay=19} => {SMS_received=0}",6.04%,99.57%,1.4659934358,6675,,,,,
"{Gender=1,ScheduledDay=19,AppointmentDay=19,Alcoholism=0,Handcap=0} => {SMS_received=0}",5.80%,99.56%,1.4659569909,6408,,,,,
"{Gender=1,ScheduledDay=19,AppointmentDay=19,Diabetes=0,Alcoholism=0} => {SMS_received=0}",5.38%,99.56%,1.4659534673,5947,,,,,
"{Gender=1,ScheduledDay=19,AppointmentDay=19,Handcap=0} => {SMS_received=0}",5.91%,99.56%,1.4658456786,6523,,,,,
"{Gender=1,ScheduledDay=19,AppointmentDay=19,Diabetes=0} => {SMS_received=0}",5.48%,99.56%,1.4658240937,6053,,,,,
"{Gender=1,ScheduledDay=19,AppointmentDay=19,Diabetes=0,Alcoholism=0,Handcap=0} => {SMS_received=0}",5.27%,99.56%,1.4658131145,5819,,,,,
"{Gender=1,ScheduledDay=19,AppointmentDay=19,Diabetes=0,Handcap=0} => {SMS_received=0}",5.36%,99.55%,1.4656823595,5924,,,,,
"{ScheduledDay=18,AppointmentDay=18,Scholarship=0,Hipertension=0,Diabetes=0} => {SMS_received=0}",6.47%,98.36%,1.4482420691,7145,,,,,
"{ScheduledDay=18,AppointmentDay=18,Scholarship=0,Hipertension=0} => {SMS_received=0}",6.59%,98.35%,1.4480917404,7279,,,,,
"{ScheduledDay=18,AppointmentDay=18,Scholarship=0,Hipertension=0,Diabetes=0,Handcap=0} => {SMS_received=0}",6.36%,98.35%,1.4480327908,7023,,,,,
"{ScheduledDay=18,AppointmentDay=18,Scholarship=0,Hipertension=0,Handcap=0} => {SMS_received=0}",6.47%,98.34%,1.4478670325,7152,,,,,
"{ScheduledDay=18,AppointmentDay=18,Scholarship=0,Hipertension=0,Diabetes=0,Alcoholism=0} => {SMS_received=0}",6.30%,98.33%,1.4478266356,6963,,,,,
"{ScheduledDay=18,AppointmentDay=18,Scholarship=0,Hipertension=0,Alcoholism=0} => {SMS_received=0}",6.42%,98.32%,1.4476529941,7089,,,,,
"{ScheduledDay=18,AppointmentDay=18,Scholarship=0,Hipertension=0,Diabetes=0,Alcoholism=0,Handcap=0} => {SMS_received=0}",6.20%,98.32%,1.4476151794,6844,,,,,
"{ScheduledDay=18,AppointmentDay=18,Scholarship=0,Hipertension=0,Alcoholism=0,Handcap=0} => {SMS_received=0}",6.31%,98.31%,1.4474248598,6965,,,,,
"{ScheduledDay=18,AppointmentDay=18,Hipertension=0,Diabetes=0} => {SMS_received=0}",7.20%,98.29%,1.4472561537,7955,,,,,
"{ScheduledDay=18,AppointmentDay=18,Hipertension=0} => {SMS_received=0}",7.33%,98.28%,1.4470016189,8102,,,,,
"{ScheduledDay=18,AppointmentDay=18,Hipertension=0,Diabetes=0,Handcap=0} => {SMS_received=0}",7.07%,98.28%,1.4469929484,7814,,,,,
"{ScheduledDay=18,AppointmentDay=18,Hipertension=0,Diabetes=0,Alcoholism=0} => {SMS_received=0}",7.01%,98.26%,1.4467741063,7746,,,,,
"{ScheduledDay=18,AppointmentDay=18,Hipertension=0,Handcap=0} => {SMS_received=0}",7.20%,98.26%,1.446723035,7956,,,,,
"{ScheduledDay=18,AppointmentDay=18,Hipertension=0,Diabetes=0,Alcoholism=0,Handcap=0} => {SMS_received=0}",6.89%,98.24%,1.4465049391,7608,,,,,
"{ScheduledDay=18,AppointmentDay=18,Hipertension=0,Alcoholism=0} => {SMS_received=0}",7.14%,98.24%,1.4464865494,7882,,,,,
"{ScheduledDay=18,AppointmentDay=18,Scholarship=0,Diabetes=0} => {SMS_received=0}",7.64%,98.24%,1.4464865281,8441,,,,,
"{ScheduledDay=18,AppointmentDay=18,Scholarship=0,Diabetes=0,Handcap=0} => {SMS_received=0}",7.47%,98.23%,1.4462518556,8253,,,,,
"{ScheduledDay=18,AppointmentDay=18,Hipertension=0,Alcoholism=0,Handcap=0} => {SMS_received=0}",7.01%,98.22%,1.4462005003,7739,,,,,
"{ScheduledDay=18,AppointmentDay=18,Diabetes=0} => {SMS_received=0}",8.52%,98.22%,1.4460840785,9410,,,,,
"{ScheduledDay=18,AppointmentDay=18,Scholarship=0,Diabetes=0,Alcoholism=0} => {SMS_received=0}",7.39%,98.21%,1.4459659607,8162,,,,,
"{ScheduledDay=18,AppointmentDay=18,Diabetes=0,Handcap=0} => {SMS_received=0}",8.33%,98.20%,1.4457980887,9198,,,,,
"{ScheduledDay=18,AppointmentDay=18,Scholarship=0,Diabetes=0,Alcoholism=0,Handcap=0} => {SMS_received=0}",7.22%,98.19%,1.4457306651,7980,,,,,
"{ScheduledDay=18,AppointmentDay=18,Scholarship=0} => {SMS_received=0}",8.31%,98.18%,1.4455837256,9177,,,,,
"{ScheduledDay=18,AppointmentDay=18,Scholarship=0,Handcap=0} => {SMS_received=0}",8.09%,98.18%,1.4455276553,8942,,,,,
"{ScheduledDay=18,AppointmentDay=18,Diabetes=0,Alcoholism=0} => {SMS_received=0}",8.22%,98.17%,1.445464992,9082,,,,,
"{ScheduledDay=18,AppointmentDay=18} => {SMS_received=0}",9.24%,98.15%,1.445180468,10208,,,,,
"{ScheduledDay=18,AppointmentDay=18,Diabetes=0,Alcoholism=0,Handcap=0} => {SMS_received=0}",8.04%,98.15%,1.4451719514,8876,,,,,
"{ScheduledDay=18,AppointmentDay=18,Handcap=0} => {SMS_received=0}",9.00%,98.15%,1.445050838,9947,,,,,
"{ScheduledDay=18,AppointmentDay=18,Scholarship=0,Alcoholism=0} => {SMS_received=0}",8.02%,98.14%,1.4449697543,8862,,,,,
"{ScheduledDay=18,AppointmentDay=18,Scholarship=0,Alcoholism=0,Handcap=0} => {SMS_received=0}",7.82%,98.14%,1.4449292968,8638,,,,,
"{ScheduledDay=18,AppointmentDay=18,Alcoholism=0} => {SMS_received=0}",8.91%,98.11%,1.4444629863,9837,,,,,
"{ScheduledDay=18,AppointmentDay=18,Alcoholism=0,Handcap=0} => {SMS_received=0}",8.68%,98.10%,1.4443405021,9587,,,,,
"{Gender=1,ScheduledDay=18,AppointmentDay=18,Diabetes=0} => {SMS_received=0}",5.27%,98.03%,1.4433663469,5824,,,,,
"{Gender=1,ScheduledDay=18,AppointmentDay=18,Diabetes=0,Handcap=0} => {SMS_received=0}",5.17%,98.03%,1.4432994334,5711,,,,,
"{Gender=1,ScheduledDay=18,AppointmentDay=18,Scholarship=0} => {SMS_received=0}",5.04%,98.01%,1.4430811365,5569,,,,,
"{Gender=1,ScheduledDay=18,AppointmentDay=18,Diabetes=0,Alcoholism=0} => {SMS_received=0}",5.19%,98.00%,1.4429152949,5733,,,,,
"{Gender=1,ScheduledDay=18,AppointmentDay=18,Diabetes=0,Alcoholism=0,Handcap=0} => {SMS_received=0}",5.09%,97.99%,1.4428382751,5620,,,,,
"{Gender=1,ScheduledDay=18,AppointmentDay=18} => {SMS_received=0}",5.80%,97.97%,1.4424108452,6405,,,,,
"{Gender=1,ScheduledDay=18,AppointmentDay=18,Handcap=0} => {SMS_received=0}",5.67%,97.95%,1.4421921261,6262,,,,,
"{Gender=1,ScheduledDay=18,AppointmentDay=18,Alcoholism=0} => {SMS_received=0}",5.70%,97.93%,1.4419030313,6296,,,,,
"{Gender=1,ScheduledDay=18,AppointmentDay=18,Alcoholism=0,Handcap=0} => {SMS_received=0}",5.57%,97.92%,1.4416688008,6153,,,,,
"{ScheduledDay=22,AppointmentDay=22,Scholarship=0,Hipertension=0,Diabetes=0} => {SMS_received=0}",6.47%,95.99%,1.4133888847,7142,,,,,
"{ScheduledDay=22,AppointmentDay=22,Scholarship=0,Diabetes=0} => {SMS_received=0}",7.62%,95.98%,1.4132463583,8415,,,,,
"{ScheduledDay=22,AppointmentDay=22,Scholarship=0,Handcap=0} => {SMS_received=0}",8.10%,95.97%,1.4129879944,8948,,,,,
"{ScheduledDay=22,AppointmentDay=22,Scholarship=0} => {SMS_received=0}",8.29%,95.97%,1.4129806497,9161,,,,,
"{ScheduledDay=22,AppointmentDay=22,Scholarship=0,Hipertension=0} => {SMS_received=0}",6.59%,95.97%,1.4129633449,7279,,,,,
"{ScheduledDay=22,AppointmentDay=22,Scholarship=0,Hipertension=0,Diabetes=0,Handcap=0} => {SMS_received=0}",6.35%,95.96%,1.4129524855,7016,,,,,
"{ScheduledDay=22,AppointmentDay=22,Diabetes=0} => {SMS_received=0}",8.54%,95.96%,1.4128867694,9431,,,,,
"{ScheduledDay=22,AppointmentDay=22,Scholarship=0,Hipertension=0,Diabetes=0,Alcoholism=0} => {SMS_received=0}",6.28%,95.96%,1.41287315,6935,,,,,
"{ScheduledDay=22,AppointmentDay=22,Scholarship=0,Diabetes=0,Handcap=0} => {SMS_received=0}",7.45%,95.96%,1.4128090077,8232,,,,,
"{ScheduledDay=22,AppointmentDay=22,Scholarship=0,Diabetes=0,Alcoholism=0} => {SMS_received=0}",7.35%,95.95%,1.4126956799,8121,,,,,
"{ScheduledDay=22,AppointmentDay=22} => {SMS_received=0}",9.27%,95.94%,1.4126404866,10242,,,,,
"{ScheduledDay=22,AppointmentDay=22,Scholarship=0,Hipertension=0,Alcoholism=0} => {SMS_received=0}",6.39%,95.94%,1.4125478174,7061,,,,,
"{ScheduledDay=22,AppointmentDay=22,Handcap=0} => {SMS_received=0}",9.06%,95.94%,1.4125425267,10012,,,,,
"{ScheduledDay=22,AppointmentDay=22,Scholarship=0,Hipertension=0,Handcap=0} => {SMS_received=0}",6.47%,95.93%,1.4125039853,7150,,,,,
"{ScheduledDay=22,AppointmentDay=22,Scholarship=0,Alcoholism=0,Handcap=0} => {SMS_received=0}",7.81%,95.93%,1.4124665036,8631,,,,,
"{ScheduledDay=22,AppointmentDay=22,Scholarship=0,Hipertension=0,Diabetes=0,Alcoholism=0,Handcap=0} => {SMS_received=0}",6.17%,95.93%,1.4124480463,6813,,,,,
"{ScheduledDay=22,AppointmentDay=22,Scholarship=0,Alcoholism=0} => {SMS_received=0}",8.00%,95.93%,1.4124259463,8837,,,,,
"{ScheduledDay=22,AppointmentDay=22,Diabetes=0,Alcoholism=0} => {SMS_received=0}",8.21%,95.93%,1.4124218056,9072,,,,,
"{ScheduledDay=22,AppointmentDay=22,Diabetes=0,Handcap=0} => {SMS_received=0}",8.36%,95.93%,1.4123972349,9233,,,,,
"{ScheduledDay=22,AppointmentDay=22,Hipertension=0,Diabetes=0} => {SMS_received=0}",7.25%,95.93%,1.4123741377,8005,,,,,
"{ScheduledDay=22,AppointmentDay=22,Scholarship=0,Diabetes=0,Alcoholism=0,Handcap=0} => {SMS_received=0}",7.19%,95.92%,1.4122806262,7945,,,,,
"{ScheduledDay=22,AppointmentDay=22,Alcoholism=0} => {SMS_received=0}",8.92%,95.91%,1.4121432188,9849,,,,,
"{ScheduledDay=22,AppointmentDay=22,Scholarship=0,Hipertension=0,Alcoholism=0,Handcap=0} => {SMS_received=0}",6.28%,95.91%,1.4120999195,6936,,,,,
"{ScheduledDay=22,AppointmentDay=22,Alcoholism=0,Handcap=0} => {SMS_received=0}",8.71%,95.91%,1.412071522,9626,,,,,
"{ScheduledDay=22,AppointmentDay=22,Hipertension=0,Diabetes=0,Alcoholism=0} => {SMS_received=0}",7.03%,95.90%,1.4119840422,7764,,,,,
"{ScheduledDay=22,AppointmentDay=22,Hipertension=0} => {SMS_received=0}",7.39%,95.90%,1.4119588161,8158,,,,,
"{ScheduledDay=22,AppointmentDay=22,Diabetes=0,Alcoholism=0,Handcap=0} => {SMS_received=0}",8.04%,95.90%,1.4119481448,8881,,,,,
"{ScheduledDay=22,AppointmentDay=22,Hipertension=0,Diabetes=0,Handcap=0} => {SMS_received=0}",7.12%,95.89%,1.4118815392,7867,,,,,
"{ScheduledDay=22,AppointmentDay=22,Hipertension=0,Alcoholism=0} => {SMS_received=0}",7.15%,95.88%,1.411631833,7903,,,,,
"{ScheduledDay=22,AppointmentDay=22,Hipertension=0,Diabetes=0,Alcoholism=0,Handcap=0} => {SMS_received=0}",6.91%,95.87%,1.4114997141,7630,,,,,
"{ScheduledDay=22,AppointmentDay=22,Hipertension=0,Handcap=0} => {SMS_received=0}",7.26%,95.86%,1.4114469126,8017,,,,,
"{ScheduledDay=22,AppointmentDay=22,Hipertension=0,Alcoholism=0,Handcap=0} => {SMS_received=0}",7.03%,95.84%,1.4111276726,7766,,,,,
"{Gender=1,ScheduledDay=22,AppointmentDay=22,Scholarship=0} => {SMS_received=0}",5.03%,95.59%,1.4074873631,5554,,,,,
"{Gender=1,ScheduledDay=22,AppointmentDay=22,Diabetes=0} => {SMS_received=0}",5.31%,95.55%,1.4068335313,5861,,,,,
"{Gender=1,ScheduledDay=22,AppointmentDay=22,Diabetes=0,Handcap=0} => {SMS_received=0}",5.21%,95.54%,1.4066255292,5756,,,,,
"{Gender=1,ScheduledDay=22,AppointmentDay=22,Handcap=0} => {SMS_received=0}",5.69%,95.53%,1.406596124,6288,,,,,
"{Gender=1,ScheduledDay=22,AppointmentDay=22} => {SMS_received=0}",5.80%,95.51%,1.4063245297,6410,,,,,
"{Gender=1,ScheduledDay=22,AppointmentDay=22,Diabetes=0,Alcoholism=0} => {SMS_received=0}",5.19%,95.50%,1.4061283093,5732,,,,,
"{Gender=1,ScheduledDay=22,AppointmentDay=22,Diabetes=0,Alcoholism=0,Handcap=0} => {SMS_received=0}",5.10%,95.49%,1.4059364201,5630,,,,,
"{Gender=1,ScheduledDay=22,AppointmentDay=22,Alcoholism=0,Handcap=0} => {SMS_received=0}",5.57%,95.48%,1.4058834922,6154,,,,,
"{Gender=1,ScheduledDay=22,AppointmentDay=22,Alcoholism=0} => {SMS_received=0}",5.68%,95.46%,1.4055897504,6273,,,,,
"{Gender=0,ScheduledDay=19} => {SMS_received=0}",5.17%,88.55%,1.3038446242,5710,,,,,
"{Gender=0,ScheduledDay=19,Handcap=0} => {SMS_received=0}",5.03%,88.42%,1.3018439436,5558,,,,,
{ScheduledDay=19} => {SMS_received=0},14.25%,87.08%,1.2820859964,15740,,,,,
"{ScheduledDay=19,Scholarship=0} => {SMS_received=0}",12.86%,87.07%,1.2819871789,14202,,,,,
"{ScheduledDay=19,Handcap=0} => {SMS_received=0}",13.92%,86.96%,1.2803442204,15376,,,,,
"{ScheduledDay=19,Scholarship=0,Handcap=0} => {SMS_received=0}",12.55%,86.94%,1.2801225596,13864,,,,,
"{ScheduledDay=19,Scholarship=0,Alcoholism=0} => {SMS_received=0}",12.45%,86.90%,1.2794213744,13753,,,,,
"{ScheduledDay=19,Alcoholism=0} => {SMS_received=0}",13.77%,86.89%,1.2793719671,15214,,,,,
"{ScheduledDay=19,Scholarship=0,Diabetes=0} => {SMS_received=0}",11.80%,86.83%,1.2784473667,13034,,,,,
"{ScheduledDay=19,Diabetes=0} => {SMS_received=0}",13.11%,86.82%,1.2783124866,14486,,,,,
"{ScheduledDay=19,Alcoholism=0,Handcap=0} => {SMS_received=0}",13.45%,86.77%,1.2775264369,14858,,,,,
"{ScheduledDay=19,Scholarship=0,Alcoholism=0,Handcap=0} => {SMS_received=0}",12.15%,86.76%,1.2774308441,13421,,,,,
"{ScheduledDay=19,Scholarship=0,Diabetes=0,Handcap=0} => {SMS_received=0}",11.54%,86.68%,1.2761943322,12751,,,,,
"{ScheduledDay=19,Diabetes=0,Handcap=0} => {SMS_received=0}",12.84%,86.67%,1.2761555436,14179,,,,,
"{ScheduledDay=19,Scholarship=0,Diabetes=0,Alcoholism=0} => {SMS_received=0}",11.43%,86.65%,1.2758051256,12631,,,,,
"{ScheduledDay=19,Diabetes=0,Alcoholism=0} => {SMS_received=0}",12.68%,86.63%,1.2755377252,14011,,,,,
"{ScheduledDay=19,Scholarship=0,Diabetes=0,Alcoholism=0,Handcap=0} => {SMS_received=0}",11.18%,86.49%,1.2734838013,12352,,,,,
"{ScheduledDay=19,Diabetes=0,Alcoholism=0,Handcap=0} => {SMS_received=0}",12.41%,86.48%,1.27332937,13710,,,,,
"{ScheduledDay=19,Scholarship=0,Hipertension=0} => {SMS_received=0}",10.13%,86.35%,1.2713585835,11189,,,,,
"{ScheduledDay=19,Scholarship=0,Hipertension=0,Diabetes=0} => {SMS_received=0}",9.94%,86.34%,1.2712910087,10976,,,,,
"{ScheduledDay=19,Hipertension=0} => {SMS_received=0}",11.27%,86.33%,1.2710661689,12452,,,,,
"{ScheduledDay=19,Hipertension=0,Diabetes=0} => {SMS_received=0}",11.06%,86.30%,1.2707061067,12212,,,,,
"{Gender=1,ScheduledDay=19} => {SMS_received=0}",9.08%,86.26%,1.2700203246,10030,,,,,
"{ScheduledDay=19,Scholarship=0,Hipertension=0,Handcap=0} => {SMS_received=0}",9.95%,86.20%,1.2691825175,10994,,,,,
"{Gender=1,ScheduledDay=19,Scholarship=0} => {SMS_received=0}",7.96%,86.20%,1.2691785348,8795,,,,,
"{ScheduledDay=19,Scholarship=0,Hipertension=0,Diabetes=0,Alcoholism=0} => {SMS_received=0}",9.71%,86.20%,1.2691433745,10723,,,,,
"{ScheduledDay=19,Scholarship=0,Hipertension=0,Diabetes=0,Handcap=0} => {SMS_received=0}",9.77%,86.19%,1.2690995851,10789,,,,,
"{ScheduledDay=19,Scholarship=0,Hipertension=0,Alcoholism=0} => {SMS_received=0}",9.89%,86.19%,1.2690456946,10923,,,,,
"{ScheduledDay=19,Hipertension=0,Handcap=0} => {SMS_received=0}",11.08%,86.19%,1.2689883856,12236,,,,,
"{ScheduledDay=19,Hipertension=0,Alcoholism=0} => {SMS_received=0}",10.99%,86.17%,1.2687735169,12140,,,,,
"{Gender=1,ScheduledDay=19,Alcoholism=0} => {SMS_received=0}",8.92%,86.17%,1.2687009608,9855,,,,,
"{ScheduledDay=19,Hipertension=0,Diabetes=0,Handcap=0} => {SMS_received=0}",10.87%,86.16%,1.2686075223,12004,,,,,
"{ScheduledDay=19,Hipertension=0,Diabetes=0,Alcoholism=0} => {SMS_received=0}",10.79%,86.16%,1.2685804999,11915,,,,,
"{Gender=1,ScheduledDay=19,Handcap=0} => {SMS_received=0}",8.89%,86.15%,1.2684850364,9818,,,,,
"{Gender=1,ScheduledDay=19,Scholarship=0,Alcoholism=0} => {SMS_received=0}",7.86%,86.13%,1.2681193588,8680,,,,,
"{Gender=1,ScheduledDay=19,Scholarship=0,Handcap=0} => {SMS_received=0}",7.79%,86.08%,1.2673724246,8600,,,,,
"{Gender=1,ScheduledDay=19,Alcoholism=0,Handcap=0} => {SMS_received=0}",8.73%,86.06%,1.2670723889,9647,,,,,
"{ScheduledDay=19,Scholarship=0,Hipertension=0,Diabetes=0,Alcoholism=0,Handcap=0} => {SMS_received=0}",9.54%,86.04%,1.2668858521,10537,,,,,
"{ScheduledDay=19,Scholarship=0,Hipertension=0,Alcoholism=0,Handcap=0} => {SMS_received=0}",9.71%,86.04%,1.2667985368,10729,,,,,
"{ScheduledDay=19,Hipertension=0,Alcoholism=0,Handcap=0} => {SMS_received=0}",10.80%,86.03%,1.2666375043,11926,,,,,
"{ScheduledDay=19,Hipertension=0,Diabetes=0,Alcoholism=0,Handcap=0} => {SMS_received=0}",10.60%,86.01%,1.266428638,11709,,,,,
"{Gender=1,ScheduledDay=19,Scholarship=0,Alcoholism=0,Handcap=0} => {SMS_received=0}",7.68%,86.00%,1.2662019543,8488,,,,,
"{Gender=1,ScheduledDay=19,Diabetes=0} => {SMS_received=0}",8.25%,85.76%,1.2627178506,9113,,,,,
"{Gender=1,ScheduledDay=19,Scholarship=0,Diabetes=0} => {SMS_received=0}",7.20%,85.70%,1.2617758511,7957,,,,,
"{Gender=1,ScheduledDay=19,Diabetes=0,Alcoholism=0} => {SMS_received=0}",8.11%,85.65%,1.2611399159,8956,,,,,
"{Gender=1,ScheduledDay=19,Diabetes=0,Handcap=0} => {SMS_received=0}",8.09%,85.64%,1.2609970361,8937,,,,,
"{Gender=1,ScheduledDay=19,Scholarship=0,Diabetes=0,Alcoholism=0} => {SMS_received=0}",7.11%,85.60%,1.2603975368,7855,,,,,
"{Gender=1,ScheduledDay=19,Scholarship=0,Diabetes=0,Handcap=0} => {SMS_received=0}",7.06%,85.57%,1.2598549454,7796,,,,,
"{Gender=1,ScheduledDay=19,Diabetes=0,Alcoholism=0,Handcap=0} => {SMS_received=0}",7.95%,85.54%,1.2594027347,8782,,,,,
"{Gender=1,ScheduledDay=19,Scholarship=0,Diabetes=0,Alcoholism=0,Handcap=0} => {SMS_received=0}",6.97%,85.47%,1.2584504932,7695,,,,,
"{Scholarship=1,Handcap=0} => {Gender=1}",7.89%,81.67%,1.2566345169,8721,,,,,
"{Scholarship=1,Alcoholism=0,Handcap=0} => {Gender=1}",7.50%,81.61%,1.255719951,8287,,,,,
{Scholarship=1} => {Gender=1},8.01%,81.52%,1.2543133676,8850,,,,,
"{Gender=1,ScheduledDay=19,Hipertension=0} => {SMS_received=0}",6.96%,85.17%,1.2539449867,7693,,,,,
"{Gender=1,ScheduledDay=19,Scholarship=0,Hipertension=0} => {SMS_received=0}",6.07%,85.13%,1.2534044309,6709,,,,,
"{Scholarship=1,Alcoholism=0} => {Gender=1}",7.62%,81.46%,1.2533353076,8413,,,,,
"{Gender=1,ScheduledDay=19,Hipertension=0,Diabetes=0} => {SMS_received=0}",6.83%,85.09%,1.2527953393,7543,,,,,
"{Gender=1,ScheduledDay=19,Hipertension=0,Alcoholism=0} => {SMS_received=0}",6.87%,85.08%,1.2527055423,7585,,,,,
"{Gender=1,ScheduledDay=19,Scholarship=0,Hipertension=0,Diabetes=0} => {SMS_received=0}",5.96%,85.07%,1.2525643372,6582,,,,,
"{Gender=1,ScheduledDay=19,Hipertension=0,Handcap=0} => {SMS_received=0}",6.85%,85.07%,1.2524760616,7570,,,,,
"{Gender=1,ScheduledDay=19,Scholarship=0,Hipertension=0,Alcoholism=0} => {SMS_received=0}",6.01%,85.05%,1.2522155771,6638,,,,,
"{Gender=1,ScheduledDay=19,Scholarship=0,Hipertension=0,Handcap=0} => {SMS_received=0}",5.97%,85.02%,1.2517831769,6600,,,,,
"{Gender=1,ScheduledDay=19,Hipertension=0,Diabetes=0,Alcoholism=0} => {SMS_received=0}",6.73%,85.01%,1.251617527,7439,,,,,
"{Gender=1,ScheduledDay=19,Scholarship=0,Hipertension=0,Diabetes=0,Alcoholism=0} => {SMS_received=0}",5.90%,84.99%,1.2514024874,6513,,,,,
"{Gender=1,ScheduledDay=19,Hipertension=0,Diabetes=0,Handcap=0} => {SMS_received=0}",6.72%,84.99%,1.2512891125,7426,,,,,
"{Gender=1,ScheduledDay=19,Hipertension=0,Alcoholism=0,Handcap=0} => {SMS_received=0}",6.76%,84.98%,1.2512231473,7463,,,,,
"{Gender=1,ScheduledDay=19,Scholarship=0,Hipertension=0,Diabetes=0,Handcap=0} => {SMS_received=0}",5.87%,84.96%,1.2509096426,6479,,,,,
"{Gender=1,ScheduledDay=19,Scholarship=0,Hipertension=0,Alcoholism=0,Handcap=0} => {SMS_received=0}",5.91%,84.94%,1.2505600444,6529,,,,,
"{Gender=1,ScheduledDay=19,Hipertension=0,Diabetes=0,Alcoholism=0,Handcap=0} => {SMS_received=0}",6.63%,84.90%,1.2500998172,7323,,,,,
"{Gender=1,ScheduledDay=19,Scholarship=0,Hipertension=0,Diabetes=0,Alcoholism=0,Handcap=0} => {SMS_received=0}",5.80%,84.88%,1.2497145019,6410,,,,,
"{Scholarship=1,Diabetes=0,Handcap=0} => {Gender=1}",7.44%,81.19%,1.2491350665,8220,,,,,
"{Scholarship=1,Diabetes=0,Alcoholism=0,Handcap=0} => {Gender=1}",7.08%,81.15%,1.2485257641,7820,,,,,
"{Scholarship=1,Diabetes=0} => {Gender=1}",7.54%,81.01%,1.246365034,8333,,,,,
"{Scholarship=1,Diabetes=0,Alcoholism=0} => {Gender=1}",7.18%,80.96%,1.2456652856,7930,,,,,
"{Scholarship=1,Handcap=0,SMS_received=0} => {Gender=1}",5.25%,80.33%,1.236014059,5800,,,,,
"{Scholarship=1,SMS_received=0} => {Gender=1}",5.34%,80.15%,1.2332421762,5896,,,,,
"{Scholarship=1,Alcoholism=0,SMS_received=0} => {Gender=1}",5.04%,80.07%,1.2319174488,5567,,,,,
"{Scholarship=1,Hipertension=0,Handcap=0} => {Gender=1}",6.38%,79.74%,1.2268257671,7047,,,,,
"{Scholarship=1,Hipertension=0} => {Gender=1}",6.47%,79.61%,1.2248993115,7145,,,,,
"{Scholarship=1,Hipertension=0,Alcoholism=0,Handcap=0} => {Gender=1}",6.14%,79.58%,1.2243982882,6780,,,,,
"{Scholarship=1,Hipertension=0,Diabetes=0,Handcap=0} => {Gender=1}",6.27%,79.57%,1.224355943,6923,,,,,
"{Scholarship=1,Diabetes=0,SMS_received=0} => {Gender=1}",5.01%,79.52%,1.2235643185,5538,,,,,
"{Scholarship=1,Hipertension=0,Diabetes=0} => {Gender=1}",6.36%,79.45%,1.2224019094,7020,,,,,
"{Scholarship=1,Hipertension=0,Diabetes=0,Alcoholism=0,Handcap=0} => {Gender=1}",6.04%,79.45%,1.2223984259,6672,,,,,
"{Scholarship=1,Hipertension=0,Alcoholism=0} => {Gender=1}",6.22%,79.44%,1.2223298744,6875,,,,,
"{Scholarship=1,Hipertension=0,Diabetes=0,Alcoholism=0} => {Gender=1}",6.13%,79.31%,1.2202945345,6766,,,,,
"{ScheduledDay=18,Scholarship=0} => {SMS_received=0}",12.31%,77.43%,1.1401208095,13596,,,,,
{ScheduledDay=18} => {SMS_received=0},13.68%,77.39%,1.139475335,15116,,,,,
"{ScheduledDay=18,Scholarship=0,Alcoholism=0} => {SMS_received=0}",11.91%,77.33%,1.1385958908,13161,,,,,
"{ScheduledDay=18,Scholarship=0,Handcap=0} => {SMS_received=0}",12.02%,77.27%,1.1376529403,13283,,,,,
"{Gender=0,AppointmentDay=19} => {SMS_received=0}",5.38%,77.26%,1.1375083004,5938,,,,,
"{ScheduledDay=18,Alcoholism=0} => {SMS_received=0}",13.22%,77.26%,1.1374939296,14603,,,,,
"{ScheduledDay=18,Handcap=0} => {SMS_received=0}",13.37%,77.22%,1.1370210083,14773,,,,,
"{Gender=0,AppointmentDay=19,Diabetes=0} => {SMS_received=0}",5.06%,77.20%,1.1366817667,5594,,,,,
"{ScheduledDay=18,Scholarship=0,Hipertension=0} => {SMS_received=0}",9.75%,77.19%,1.1365217015,10775,,,,,
"{ScheduledDay=18,Scholarship=0,Alcoholism=0,Handcap=0} => {SMS_received=0}",11.64%,77.16%,1.1361405593,12861,,,,,
"{Gender=0,AppointmentDay=19,Scholarship=0} => {SMS_received=0}",5.09%,77.14%,1.1358340781,5623,,,,,
"{ScheduledDay=18,Scholarship=0,Diabetes=0} => {SMS_received=0}",11.35%,77.14%,1.1358277132,12535,,,,,
"{ScheduledDay=18,Diabetes=0} => {SMS_received=0}",12.64%,77.12%,1.1355018706,13962,,,,,
"{ScheduledDay=18,Scholarship=0,Hipertension=0,Alcoholism=0} => {SMS_received=0}",9.53%,77.11%,1.1353169978,10523,,,,,
"{ScheduledDay=18,Hipertension=0} => {SMS_received=0}",10.87%,77.10%,1.1352496001,12002,,,,,
"{ScheduledDay=18,Scholarship=0,Hipertension=0,Diabetes=0} => {SMS_received=0}",9.58%,77.09%,1.135037774,10579,,,,,
"{ScheduledDay=18,Alcoholism=0,Handcap=0} => {SMS_received=0}",12.92%,77.09%,1.1350273085,14273,,,,,
"{ScheduledDay=18,Scholarship=0,Hipertension=0,Handcap=0} => {SMS_received=0}",9.60%,77.08%,1.13492384,10608,,,,,
"{Gender=0,AppointmentDay=19,Handcap=0} => {SMS_received=0}",5.24%,77.08%,1.134835746,5783,,,,,
"{ScheduledDay=18,Scholarship=0,Diabetes=0,Alcoholism=0} => {SMS_received=0}",11.00%,77.05%,1.1344111249,12148,,,,,
"{ScheduledDay=18,Scholarship=0,Hipertension=0,Diabetes=0,Alcoholism=0} => {SMS_received=0}",9.36%,77.01%,1.1338354398,10336,,,,,
"{ScheduledDay=18,Hipertension=0,Alcoholism=0} => {SMS_received=0}",10.60%,77.01%,1.1338004849,11711,,,,,
"{ScheduledDay=18,Hipertension=0,Diabetes=0} => {SMS_received=0}",10.67%,77.00%,1.1337557144,11786,,,,,
"{ScheduledDay=18,Diabetes=0,Alcoholism=0} => {SMS_received=0}",12.23%,77.00%,1.1336713154,13506,,,,,
"{ScheduledDay=18,Scholarship=0,Hipertension=0,Alcoholism=0,Handcap=0} => {SMS_received=0}",9.38%,77.00%,1.1336556869,10359,,,,,
"{ScheduledDay=18,Scholarship=0,Diabetes=0,Handcap=0} => {SMS_received=0}",11.12%,76.99%,1.1335235343,12284,,,,,
"{Gender=0,AppointmentDay=19,Alcoholism=0} => {SMS_received=0}",5.07%,76.99%,1.1335207941,5600,,,,,
"{ScheduledDay=18,Hipertension=0,Handcap=0} => {SMS_received=0}",10.69%,76.99%,1.133516678,11812,,,,,
"{ScheduledDay=18,Scholarship=0,Hipertension=0,Diabetes=0,Handcap=0} => {SMS_received=0}",9.43%,76.98%,1.1334819983,10419,,,,,
"{ScheduledDay=18,Diabetes=0,Handcap=0} => {SMS_received=0}",12.39%,76.96%,1.1331535359,13683,,,,,
"{ScheduledDay=18,Hipertension=0,Diabetes=0,Alcoholism=0} => {SMS_received=0}",10.42%,76.91%,1.1323670508,11507,,,,,
"{ScheduledDay=18,Scholarship=0,Hipertension=0,Diabetes=0,Alcoholism=0,Handcap=0} => {SMS_received=0}",9.21%,76.90%,1.1322186563,10179,,,,,
"{ScheduledDay=18,Hipertension=0,Diabetes=0,Handcap=0} => {SMS_received=0}",10.50%,76.89%,1.1320537154,11603,,,,,
"{ScheduledDay=18,Scholarship=0,Diabetes=0,Alcoholism=0,Handcap=0} => {SMS_received=0}",10.78%,76.89%,1.1320379817,11905,,,,,
"{ScheduledDay=18,Hipertension=0,Alcoholism=0,Handcap=0} => {SMS_received=0}",10.43%,76.88%,1.1319971965,11524,,,,,
"{ScheduledDay=18,Diabetes=0,Alcoholism=0,Handcap=0} => {SMS_received=0}",11.98%,76.83%,1.131238726,13235,,,,,
"{ScheduledDay=18,Hipertension=0,Diabetes=0,Alcoholism=0,Handcap=0} => {SMS_received=0}",10.25%,76.79%,1.1305979633,11327,,,,,
"{ScheduledDay=22,Scholarship=0,Hipertension=0,Diabetes=0} => {SMS_received=0}",6.93%,76.71%,1.12950988,7653,,,,,
"{ScheduledDay=22,Hipertension=0,Diabetes=0} => {SMS_received=0}",7.75%,76.71%,1.1294311995,8563,,,,,
"{ScheduledDay=22,Scholarship=0,Hipertension=0} => {SMS_received=0}",7.06%,76.70%,1.1292793452,7801,,,,,
"{ScheduledDay=22,Hipertension=0} => {SMS_received=0}",7.90%,76.69%,1.1292124033,8727,,,,,
"{ScheduledDay=22,Scholarship=0,Hipertension=0,Diabetes=0,Handcap=0} => {SMS_received=0}",6.81%,76.65%,1.1285712912,7524,,,,,
"{ScheduledDay=22,Hipertension=0,Diabetes=0,Handcap=0} => {SMS_received=0}",7.62%,76.64%,1.1284628287,8420,,,,,
"{ScheduledDay=22,Scholarship=0,Hipertension=0,Handcap=0} => {SMS_received=0}",6.94%,76.64%,1.1283649809,7669,,,,,
"{ScheduledDay=22,Hipertension=0,Handcap=0} => {SMS_received=0}",7.77%,76.63%,1.1282678162,8581,,,,,
"{ScheduledDay=22,Hipertension=0,Diabetes=0,Alcoholism=0} => {SMS_received=0}",7.52%,76.56%,1.1272733335,8307,,,,,
"{ScheduledDay=22,Scholarship=0,Hipertension=0,Diabetes=0,Alcoholism=0} => {SMS_received=0}",6.73%,76.56%,1.1271733045,7432,,,,,
"{ScheduledDay=22,Hipertension=0,Alcoholism=0} => {SMS_received=0}",7.66%,76.53%,1.1267550493,8457,,,,,
"{ScheduledDay=22,Scholarship=0,Hipertension=0,Alcoholism=0} => {SMS_received=0}",6.85%,76.52%,1.1267123758,7569,,,,,
{ScheduledDay=22} => {SMS_received=0},9.92%,76.50%,1.126286961,10961,,,,,
"{ScheduledDay=22,Hipertension=0,Diabetes=0,Alcoholism=0,Handcap=0} => {SMS_received=0}",7.39%,76.49%,1.1262649629,8168,,,,,
"{ScheduledDay=22,Scholarship=0,Hipertension=0,Diabetes=0,Alcoholism=0,Handcap=0} => {SMS_received=0}",6.61%,76.49%,1.1261962862,7307,,,,,
"{ScheduledDay=22,Diabetes=0} => {SMS_received=0}",9.14%,76.47%,1.125970236,10093,,,,,
"{ScheduledDay=22,Hipertension=0,Alcoholism=0,Handcap=0} => {SMS_received=0}",7.53%,76.46%,1.1257650178,8315,,,,,
"{ScheduledDay=22,Scholarship=0,Hipertension=0,Alcoholism=0,Handcap=0} => {SMS_received=0}",6.74%,76.46%,1.12575521,7441,,,,,
"{Gender=1,ScheduledDay=18,Scholarship=0} => {SMS_received=0}",7.61%,76.44%,1.1254203896,8408,,,,,
"{Gender=1,ScheduledDay=18,Scholarship=0,Alcoholism=0} => {SMS_received=0}",7.52%,76.43%,1.1253424391,8305,,,,,
"{ScheduledDay=22,Handcap=0} => {SMS_received=0}",9.70%,76.43%,1.1252696639,10718,,,,,
"{ScheduledDay=22,Scholarship=0} => {SMS_received=0}",8.90%,76.39%,1.1247595412,9827,,,,,
"{ScheduledDay=22,Scholarship=0,Diabetes=0} => {SMS_received=0}",8.17%,76.37%,1.1244583288,9024,,,,,
"{ScheduledDay=22,Diabetes=0,Handcap=0} => {SMS_received=0}",8.95%,76.37%,1.1244054207,9885,,,,,
"{Gender=1,ScheduledDay=18} => {SMS_received=0}",8.72%,76.33%,1.1239275177,9635,,,,,
"{ScheduledDay=22,Scholarship=0,Handcap=0} => {SMS_received=0}",8.70%,76.33%,1.1239006797,9605,,,,,
"{ScheduledDay=22,Alcoholism=0} => {SMS_received=0}",9.55%,76.32%,1.1236619226,10547,,,,,
"{ScheduledDay=22,Diabetes=0,Alcoholism=0} => {SMS_received=0}",8.79%,76.28%,1.1231765172,9714,,,,,
"{ScheduledDay=22,Scholarship=0,Diabetes=0,Handcap=0} => {SMS_received=0}",8.00%,76.27%,1.1229560681,8835,,,,,
"{Gender=1,ScheduledDay=18,Alcoholism=0} => {SMS_received=0}",8.57%,76.26%,1.1228737333,9462,,,,,
"{Gender=1,ScheduledDay=18,Scholarship=0,Handcap=0} => {SMS_received=0}",7.45%,76.26%,1.1228589006,8231,,,,,
"{Gender=1,ScheduledDay=18,Scholarship=0,Alcoholism=0,Handcap=0} => {SMS_received=0}",7.36%,76.25%,1.1226747148,8129,,,,,
"{ScheduledDay=22,Alcoholism=0,Handcap=0} => {SMS_received=0}",9.33%,76.24%,1.1225621273,10311,,,,,
"{ScheduledDay=22,Scholarship=0,Alcoholism=0} => {SMS_received=0}",8.58%,76.23%,1.1223805484,9483,,,,,
"{ScheduledDay=22,Scholarship=0,Diabetes=0,Alcoholism=0} => {SMS_received=0}",7.89%,76.19%,1.1218184323,8711,,,,,
"{ScheduledDay=22,Diabetes=0,Alcoholism=0,Handcap=0} => {SMS_received=0}",8.61%,76.18%,1.1216035313,9513,,,,,
"{Gender=1,ScheduledDay=18,Handcap=0} => {SMS_received=0}",8.54%,76.17%,1.1214774053,9435,,,,,
"{ScheduledDay=22,Scholarship=0,Alcoholism=0,Handcap=0} => {SMS_received=0}",8.39%,76.17%,1.1214543125,9268,,,,,
"{ScheduledDay=22,Scholarship=0,Diabetes=0,Alcoholism=0,Handcap=0} => {SMS_received=0}",7.72%,76.09%,1.1203301056,8529,,,,,
"{Gender=1,ScheduledDay=18,Alcoholism=0,Handcap=0} => {SMS_received=0}",8.39%,76.09%,1.1202968837,9263,,,,,
"{Gender=1,ScheduledDay=18,Scholarship=0,Diabetes=0,Alcoholism=0} => {SMS_received=0}",6.85%,76.06%,1.1198833916,7568,,,,,
"{Gender=1,ScheduledDay=18,Scholarship=0,Diabetes=0} => {SMS_received=0}",6.93%,76.04%,1.1195922607,7655,,,,,
"{Gender=1,ScheduledDay=18,Diabetes=0} => {SMS_received=0}",7.97%,75.97%,1.1186040234,8800,,,,,
"{Gender=1,ScheduledDay=18,Scholarship=0,Hipertension=0,Alcoholism=0} => {SMS_received=0}",5.82%,75.96%,1.1183556796,6432,,,,,
"{Gender=1,ScheduledDay=18,Scholarship=0,Hipertension=0} => {SMS_received=0}",5.87%,75.94%,1.1180995389,6489,,,,,
"{Gender=1,ScheduledDay=18,Diabetes=0,Alcoholism=0} => {SMS_received=0}",7.83%,75.93%,1.1179360023,8652,,,,,
"{Gender=1,ScheduledDay=18,Scholarship=0,Diabetes=0,Alcoholism=0,Handcap=0} => {SMS_received=0}",6.73%,75.90%,1.1174676824,7431,,,,,
"{Gender=1,ScheduledDay=18,Scholarship=0,Diabetes=0,Handcap=0} => {SMS_received=0}",6.80%,75.88%,1.1172773326,7517,,,,,
"{Gender=1,ScheduledDay=18,Scholarship=0,Hipertension=0,Alcoholism=0,Handcap=0} => {SMS_received=0}",5.74%,75.83%,1.1165034653,6344,,,,,
"{Gender=1,ScheduledDay=18,Diabetes=0,Handcap=0} => {SMS_received=0}",7.82%,75.82%,1.1163187469,8641,,,,,
"{Gender=1,ScheduledDay=18,Scholarship=0,Hipertension=0,Handcap=0} => {SMS_received=0}",5.79%,75.81%,1.1162611223,6401,,,,,
"{Gender=1,ScheduledDay=18,Scholarship=0,Hipertension=0,Diabetes=0,Alcoholism=0} => {SMS_received=0}",5.71%,75.79%,1.1159460958,6309,,,,,
"{Gender=1,ScheduledDay=18,Scholarship=0,Hipertension=0,Diabetes=0} => {SMS_received=0}",5.76%,75.77%,1.115665191,6365,,,,,
"{Gender=1,ScheduledDay=18,Diabetes=0,Alcoholism=0,Handcap=0} => {SMS_received=0}",7.69%,75.76%,1.1155336245,8494,,,,,
"{Gender=1,ScheduledDay=18,Hipertension=0} => {SMS_received=0}",6.74%,75.74%,1.1151993662,7450,,,,,
"{Gender=1,ScheduledDay=18,Hipertension=0,Alcoholism=0} => {SMS_received=0}",6.66%,75.72%,1.114838561,7359,,,,,
"{Gender=1,ScheduledDay=18,Scholarship=0,Hipertension=0,Diabetes=0,Alcoholism=0,Handcap=0} => {SMS_received=0}",5.63%,75.67%,1.1141622474,6224,,,,,
"{Gender=1,ScheduledDay=18,Scholarship=0,Hipertension=0,Diabetes=0,Handcap=0} => {SMS_received=0}",5.69%,75.65%,1.1138943245,6280,,,,,
"{Gender=1,ScheduledDay=18,Hipertension=0,Handcap=0} => {SMS_received=0}",6.65%,75.61%,1.113253427,7344,,,,,
"{Gender=1,ScheduledDay=18,Hipertension=0,Diabetes=0} => {SMS_received=0}",6.62%,75.58%,1.1128746481,7309,,,,,
"{Gender=1,ScheduledDay=18,Hipertension=0,Alcoholism=0,Handcap=0} => {SMS_received=0}",6.57%,75.58%,1.112864271,7253,,,,,
"{Gender=1,ScheduledDay=18,Hipertension=0,Diabetes=0,Alcoholism=0} => {SMS_received=0}",6.54%,75.57%,1.1126297275,7222,,,,,
"{Gender=1,ScheduledDay=18,Hipertension=0,Diabetes=0,Handcap=0} => {SMS_received=0}",6.52%,75.46%,1.1109784822,7206,,,,,
"{Gender=1,ScheduledDay=18,Hipertension=0,Diabetes=0,Alcoholism=0,Handcap=0} => {SMS_received=0}",6.44%,75.44%,1.1107077423,7119,,,,,
"{AppointmentDay=19,Scholarship=0} => {SMS_received=0}",13.33%,75.12%,1.1060934895,14725,,,,,
{AppointmentDay=19} => {SMS_received=0},14.76%,75.07%,1.1053569223,16300,,,,,
